O*NET-SOC Code,Title,n_tasks,n_core_tasks,n_supplemental_tasks,avg_importance,avg_relevance,avg_frequency_weighted_mean,total_task_intensity,avg_task_intensity,total_dwa_links,core_task_share
11-1011.00,Chief Executives,31,20,11,3.950967741935484,72.6974193548387,3.003424279238856,89.671215,2.8926198387096775,42,0.6451612903225806
11-1011.03,Chief Sustainability Officers,18,18,0,3.757222222222222,96.50277777777778,2.971248153707457,65.431599,3.6350888333333335,27,1.0
11-1021.00,General and Operations Managers,17,9,8,3.6958823529411764,69.39117647058823,3.7712971724846662,44.213885,2.600816764705882,28,0.5294117647058824
11-1031.00,Legislators,30,0,0,,,,0.0,,34,0.0
11-2011.00,Advertising and Promotions Managers,30,13,8,3.691904761904762,72.79380952380953,3.6004132860905136,56.705777,2.700275095238095,39,0.43333333333333335
11-2021.00,Marketing Managers,20,12,8,3.4295,73.021,2.8820029382737293,51.227759,2.56138795,27,0.6
11-2022.00,Sales Managers,17,15,2,3.7294117647058824,87.11470588235295,2.9312246883511883,56.062857,3.2978151176470587,19,0.8823529411764706
11-2032.00,Public Relations Managers,20,0,0,,,,0.0,,27,0.0
11-2033.00,Fundraising Managers,16,14,2,3.741875,82.004375,2.992629822189173,49.645227,3.1028266875,23,0.875
11-3012.00,Administrative Services Managers,18,5,3,3.655,74.9975,3.241271772884219,21.758423,2.719802875,23,0.2777777777777778
11-3013.00,Facilities Managers,11,10,1,3.921818181818182,82.02363636363636,3.425136808521095,35.695181,3.2450164545454543,12,0.9090909090909091
11-3013.01,Security Managers,28,28,0,3.986785714285714,98.03571428571429,2.9285971387446854,109.5485,3.9124464285714287,42,1.0
11-3021.00,Computer and Information Systems Managers,17,16,1,3.84,89.90588235294118,3.6744419002977127,58.722908000000004,3.454288705882353,27,0.9411764705882353
11-3031.00,Financial Managers,17,6,11,3.904705882352941,57.605294117647055,3.5677553303472385,38.399432,2.2587901176470586,22,0.35294117647058826
11-3031.01,Treasurers and Controllers,22,16,6,4.113181818181818,79.08318181818181,3.1118575924638945,72.221535,3.2827970454545454,31,0.7272727272727273
11-3031.03,Investment Fund Managers,20,15,5,4.047,78.4505,3.6783529199186793,64.323688,3.2161844000000004,28,0.75
11-3051.00,Industrial Production Managers,21,12,1,3.6976923076923076,84.13461538461539,4.009378288677629,40.661156,3.1277812307692305,33,0.5714285714285714
11-3051.01,Quality Control Systems Managers,27,26,1,3.8985185185185185,85.9774074074074,3.4449147288720727,90.88113799999999,3.3659680740740736,32,0.9629629629629629
11-3051.02,Geothermal Production Managers,17,13,4,3.9629411764705886,79.54529411764706,3.8914874672025803,53.597019,3.152765823529412,21,0.7647058823529411
11-3051.03,Biofuels Production Managers,14,14,0,4.057142857142857,90.90785714285714,4.398134165160842,51.896842,3.706917285714286,16,1.0
11-3051.04,Biomass Power Plant Managers,19,13,6,3.856842105263158,82.88631578947368,4.016076314077131,61.112716999999996,3.216458789473684,29,0.6842105263157895
11-3051.06,Hydroelectric Production Managers,18,16,2,3.967777777777778,85.05777777777777,3.604573133841855,60.979721,3.3877622777777776,22,0.8888888888888888
11-3061.00,Purchasing Managers,18,18,0,4.051666666666667,93.56722222222223,3.4998338492368273,68.366357,3.798130944444444,26,1.0
11-3071.00,"Transportation, Storage, and Distribution Managers",30,26,0,3.914615384615385,92.16576923076923,3.705276070449565,94.055625,3.617524038461539,42,0.8666666666666667
11-3071.04,Supply Chain Managers,30,25,5,3.627666666666667,86.03133333333334,2.7016346939330136,94.902025,3.163400833333333,38,0.8333333333333334
11-3111.00,Compensation and Benefits Managers,22,13,9,3.875,74.67545454545454,2.5002618240180725,66.008709,3.0003958636363635,31,0.5909090909090909
11-3121.00,Human Resources Managers,26,23,3,3.7569230769230773,92.64807692307691,2.927127957845601,91.323083,3.5124262692307693,37,0.8846153846153846
11-3131.00,Training and Development Managers,12,11,1,3.9616666666666664,92.47166666666668,2.905732548600742,44.618568,3.718214,18,0.9166666666666666
11-9013.00,"Farmers, Ranchers, and Other Agricultural Managers",30,19,1,3.8590000000000004,84.1375,3.372193592592486,65.544952,3.2772476,44,0.6333333333333333
11-9021.00,Construction Managers,25,22,3,3.8592,89.7684,3.186189777777778,87.7234,3.508936,34,0.88
11-9031.00,"Education and Childcare Administrators, Preschool and Daycare",17,15,2,3.928235294117647,85.17294117647059,3.580803060856384,57.597758,3.388103411764706,29,0.8823529411764706
11-9032.00,"Education Administrators, Kindergarten through Secondary",32,24,8,3.8796875,77.37125,3.3860516421851146,97.043774,3.0326179375,50,0.75
11-9033.00,"Education Administrators, Postsecondary",27,12,15,3.6974074074074075,66.34962962962963,2.830318217343812,67.102475,2.485276851851852,41,0.4444444444444444
11-9041.00,Architectural and Engineering Managers,19,14,5,3.346315789473684,80.61105263157894,3.0888273668111683,51.961704999999995,2.7348265789473682,31,0.7368421052631579
11-9041.01,Biofuels/Biodiesel Technology and Product Development Managers,18,10,8,3.548888888888889,65.62444444444445,3.191589174240725,42.782134,2.3767852222222223,18,0.5555555555555556
11-9051.00,Food Service Managers,28,19,9,4.173928571428571,73.3717857142857,4.263085486548962,86.150996,3.076821285714286,36,0.6785714285714286
11-9071.00,Gambling Managers,19,12,7,4.254736842105263,70.18,4.618032106587637,57.022962,3.0012085263157893,23,0.631578947368421
11-9072.00,"Entertainment and Recreation Managers, Except Gambling",17,14,3,3.998235294117647,80.73470588235294,3.6574606315205105,55.373318000000005,3.257254,24,0.8235294117647058
11-9081.00,Lodging Managers,24,22,2,4.142083333333333,84.895,4.514981394626897,85.060791,3.5441996249999996,34,0.9166666666666666
11-9111.00,Medical and Health Services Managers,18,17,1,3.9766666666666666,87.50055555555555,3.47375567030639,62.859027,3.4921681666666666,31,0.9444444444444444
11-9121.00,Natural Sciences Managers,16,14,2,3.795,83.3125,3.250744497060445,50.91993,3.182495625,31,0.875
11-9121.01,Clinical Research Coordinators,33,26,7,3.9381818181818184,75.16272727272727,3.420215221103211,98.879144,2.9963376969696967,39,0.7878787878787878
11-9121.02,Water Resource Specialists,21,20,1,3.505714285714286,93.07190476190476,2.4753241228705747,69.013316,3.286348380952381,26,0.9523809523809523
11-9131.00,Postmasters and Mail Superintendents,13,8,5,4.1269230769230765,70.48692307692308,4.11834426205375,39.167972,3.012920923076923,17,0.6153846153846154
11-9141.00,"Property, Real Estate, and Community Association Managers",27,17,10,3.9722222222222223,77.22222222222223,3.1756350443523953,84.265,3.120925925925926,34,0.6296296296296297
11-9151.00,Social and Community Service Managers,16,12,4,3.915625,77.901875,3.4042972786479107,49.390134,3.086883375,22,0.75
11-9161.00,Emergency Management Directors,23,21,2,3.8552173913043477,94.66347826086958,2.1908640213824664,84.977603,3.6946783913043477,30,0.9130434782608695
11-9171.00,Funeral Home Managers,23,23,0,3.978695652173913,90.83826086956523,3.410826381696526,83.736251,3.6407065652173913,30,1.0
11-9179.01,Fitness and Wellness Coordinators,24,22,2,3.82625,91.34541666666667,3.348149297273198,84.713634,3.52973475,27,0.9166666666666666
11-9179.02,Spa Managers,21,21,0,4.081428571428571,90.75333333333333,3.9613886207274835,77.900871,3.7095652857142856,23,1.0
11-9199.01,Regulatory Affairs Managers,27,26,1,3.867037037037037,92.75296296296295,2.8230615087452446,97.594569,3.614613666666667,37,0.9629629629629629
11-9199.02,Compliance Managers,29,20,9,3.9496551724137934,72.49206896551723,2.9905081647487757,84.387697,2.909920586206897,40,0.6896551724137931
11-9199.08,Loss Prevention Managers,27,26,1,3.8,90.90777777777777,3.5411240747761665,93.483154,3.462339037037037,31,0.9629629629629629
11-9199.09,Wind Energy Operations Managers,16,16,0,3.983125,96.07625,3.708504284354293,61.330455,3.8331534375,18,1.0
11-9199.10,Wind Energy Development Managers,15,15,0,3.720666666666667,92.466,3.1403523215373865,51.786243,3.4524162,16,1.0
11-9199.11,Brownfield Redevelopment Specialists and Site Managers,23,20,3,3.6208695652173915,87.46347826086956,2.4217363816562334,73.67548,3.2032817391304347,30,0.8695652173913043
13-1011.00,"Agents and Business Managers of Artists, Performers, and Athletes",14,9,5,3.7214285714285715,77.18785714285715,3.9089471492623287,41.500807,2.9643433571428575,17,0.6428571428571429
13-1021.00,"Buyers and Purchasing Agents, Farm Products",12,6,6,3.6875,68.82583333333334,4.40172603863276,31.33075,2.610895833333333,13,0.5
13-1022.00,"Wholesale and Retail Buyers, Except Farm Products",20,10,10,3.5869999999999997,69.869,3.5359990556241407,51.909799,2.59548995,24,0.5
13-1023.00,"Purchasing Agents, Except Wholesale, Retail, and Farm Products",19,17,2,3.9205263157894734,95.0,3.4934324616764822,71.2505,3.7500263157894738,24,0.8947368421052632
13-1031.00,"Claims Adjusters, Examiners, and Investigators",29,21,6,4.271481481481481,80.82925925925926,4.491364322398532,94.943214,3.5164153333333332,34,0.7241379310344828
13-1032.00,"Insurance Appraisers, Auto Damage",7,7,0,4.428571428571429,92.83857142857143,5.077804104553327,29.034814,4.147830571428572,9,1.0
13-1041.00,Compliance Officers,16,6,6,4.315,64.13333333333334,4.6327343049028435,33.146004999999995,2.762167083333333,21,0.375
13-1041.01,Environmental Compliance Inspectors,26,15,11,3.9584615384615387,70.0,3.2334879173667597,73.9885,2.8457115384615386,42,0.5769230769230769
13-1041.03,Equal Opportunity Representatives and Officers,18,11,7,4.054444444444445,70.97222222222223,3.406698135931314,53.542685,2.974593611111111,21,0.6111111111111112
13-1041.04,Government Property Inspectors and Investigators,13,3,10,3.743846153846154,54.159230769230774,3.2411090506783213,26.866073,2.066621,14,0.23076923076923078
13-1041.06,Coroners,20,19,1,4.592499999999999,94.421,4.593927843728778,87.246902,4.362345100000001,23,0.95
13-1041.07,Regulatory Affairs Specialists,30,24,6,3.799,84.16666666666667,3.0187952914551532,99.6165,3.32055,36,0.8
13-1041.08,Customs Brokers,23,21,2,3.9743478260869565,95.0,4.5538470596932275,87.5975,3.808586956521739,23,0.9130434782608695
13-1051.00,Cost Estimators,14,14,0,3.869285714285714,91.88214285714285,3.0013809299589522,49.984904,3.570350285714286,18,1.0
13-1071.00,Human Resources Specialists,26,19,7,4.067692307692308,75.9326923076923,3.3220080462821957,80.515579,3.0967530384615385,31,0.7307692307692307
13-1074.00,Farm Labor Contractors,7,6,1,4.227142857142857,88.15142857142857,4.396258128796724,26.132638,3.733234,8,0.8571428571428571
13-1075.00,Labor Relations Specialists,28,20,8,3.6592857142857143,76.82785714285714,2.5859463361853017,80.238954,2.8656769285714287,28,0.7142857142857143
13-1081.00,Logisticians,22,22,0,3.804090909090909,93.18045454545454,3.4665273918065465,78.320067,3.560003045454545,24,1.0
13-1081.01,Logistics Engineers,30,29,1,3.5959999999999996,89.54466666666667,2.5945179297681125,97.133259,3.2377753,34,0.9666666666666667
13-1081.02,Logistics Analysts,31,22,9,3.7638709677419357,78.88516129032259,3.8458131769055193,93.732755,3.023637258064516,33,0.7096774193548387
13-1082.00,Project Management Specialists,20,0,0,,,,0.0,,22,0.0
13-1111.00,Management Analysts,11,10,1,3.950909090909091,93.01,3.0799228596752286,40.785147,3.7077406363636367,15,0.9090909090909091
13-1121.00,"Meeting, Convention, and Event Planners",21,16,5,3.958571428571428,76.91809523809523,3.6218822679086795,65.291759,3.109131380952381,26,0.7619047619047619
13-1131.00,Fundraisers,28,24,4,3.7889285714285714,85.91,3.32132162470968,92.24423,3.2944367857142858,30,0.8571428571428571
13-1141.00,"Compensation, Benefits, and Job Analysis Specialists",22,6,16,3.433636363636364,56.49409090909091,2.7846879887988796,44.339545,2.0154338636363636,26,0.2727272727272727
13-1151.00,Training and Development Specialists,20,18,2,3.8549999999999995,90.17699999999999,3.205462194280572,70.438222,3.5219110999999996,27,0.9
13-1161.00,Market Research Analysts and Marketing Specialists,13,13,0,3.986923076923077,95.22538461538463,3.0945673312094635,49.43132,3.8024092307692308,15,1.0
13-1161.01,Search Marketing Strategists,36,25,11,3.516111111111111,88.40555555555555,3.079830143154357,114.26703,3.174084166666667,44,0.6944444444444444
13-1199.04,Business Continuity Planners,21,19,2,4.06047619047619,92.32904761904763,2.539797764439168,78.689562,3.7471219999999996,25,0.9047619047619048
13-1199.05,Sustainability Specialists,14,14,0,3.834285714285714,98.75714285714285,3.132609316056022,53.06752,3.790537142857143,17,1.0
13-1199.06,Online Merchants,34,24,10,3.9535294117647055,73.16647058823528,3.9014575520597283,99.34314,2.9218570588235298,36,0.7058823529411765
13-1199.07,Security Management Specialists,23,22,1,3.7517391304347827,90.43478260869566,2.6163609444617397,78.3235,3.405369565217391,28,0.9565217391304348
13-2011.00,Accountants and Auditors,29,20,5,4.1476,82.08879999999999,2.6575012329236922,85.788794,3.4315517599999996,40,0.6896551724137931
13-2022.00,Appraisers of Personal and Business Property,14,13,1,4.315714285714286,92.85714285714286,3.740559527618667,56.719115,4.051365357142857,18,0.9285714285714286
13-2023.00,Appraisers and Assessors of Real Estate,28,21,7,3.9403571428571427,83.385,4.152012967537344,94.173939,3.3633549642857146,30,0.75
13-2031.00,Budget Analysts,13,12,1,3.9676923076923076,87.18692307692308,3.3466636672424057,45.17618,3.4750907692307695,15,0.9230769230769231
13-2041.00,Credit Analysts,11,7,4,4.0627272727272725,80.45454545454545,4.341806123443697,36.8535,3.3503181818181815,13,0.6363636363636364
13-2051.00,Financial and Investment Analysts,26,0,0,,,,0.0,,32,0.0
13-2052.00,Personal Financial Advisors,21,17,4,3.8352380952380956,90.05047619047619,2.9504852338993177,73.767591,3.5127424285714284,22,0.8095238095238095
13-2053.00,Insurance Underwriters,7,7,0,4.197142857142857,95.71428571428571,4.928601164477349,28.176322,4.025188857142857,8,1.0
13-2054.00,Financial Risk Specialists,30,0,0,,,,0.0,,35,0.0
13-2061.00,Financial Examiners,17,16,1,3.918823529411765,89.76941176470588,2.7344581897127,60.382319,3.551901117647059,19,0.9411764705882353
13-2071.00,Credit Counselors,23,21,2,4.326086956521739,92.8395652173913,4.8317498801188155,92.702864,4.030559304347826,24,0.9130434782608695
13-2072.00,Loan Officers,30,14,3,3.988235294117647,82.49,4.026994767458007,56.760166,3.338833294117647,32,0.4666666666666667
13-2081.00,"Tax Examiners and Collectors, and Revenue Agents",21,6,15,4.215714285714286,54.46619047619048,4.2147968831545874,48.894744,2.328321142857143,25,0.2857142857142857
13-2082.00,Tax Preparers,12,12,0,4.360833333333333,98.01666666666667,4.908605978053893,51.349916,4.279159666666667,13,1.0
13-2099.01,Financial Quantitative Analysts,21,13,8,3.2952380952380955,88.80952380952381,2.670531811725826,63.043,3.002047619047619,21,0.6190476190476191
13-2099.04,"Fraud Examiners, Investigators and Analysts",23,21,2,4.211304347826087,87.55782608695652,3.141072400711637,85.362306,3.7114046086956525,29,0.9130434782608695
15-1211.00,Computer Systems Analysts,22,18,4,3.494090909090909,81.31,3.4145764410119654,62.85486,2.857039090909091,29,0.8181818181818182
15-1211.01,Health Informatics Specialists,17,16,1,3.9811764705882355,97.75941176470589,3.554464395268938,66.498769,3.9116922941176466,26,0.9411764705882353
15-1212.00,Information Security Analysts,11,11,0,4.047272727272728,89.25272727272727,3.661457260099482,39.698501,3.6089546363636362,12,1.0
15-1221.00,Computer and Information Research Scientists,15,11,4,3.4686666666666666,78.06266666666667,3.49124827080696,40.889787,2.7259857999999997,18,0.7333333333333333
15-1231.00,Computer Network Support Specialists,26,26,0,3.7973076923076925,86.64307692307692,3.640765168696767,85.801301,3.300050038461538,32,1.0
15-1232.00,Computer User Support Specialists,16,13,3,3.469375,88.588125,3.989327178563729,49.767929,3.1104955625,25,0.8125
15-1241.00,Computer Network Architects,33,30,3,3.5972727272727276,93.48484848484848,3.0397536477979004,111.608,3.382060606060606,43,0.9090909090909091
15-1241.01,Telecommunications Engineering Specialists,26,21,5,3.866153846153846,86.05346153846153,3.1091085732749315,86.816863,3.3391101153846154,33,0.8076923076923077
15-1242.00,Database Administrators,18,15,3,3.373333333333333,89.315,3.001758540688752,54.421222,3.023401222222222,27,0.8333333333333334
15-1243.00,Database Architects,25,24,1,3.7864,97.5244,3.389038206734902,92.676255,3.7070502,35,0.96
15-1243.01,Data Warehousing Specialists,18,18,0,3.839444444444444,97.10055555555556,3.18988798564588,67.25156,3.7361977777777775,24,1.0
15-1244.00,Network and Computer Systems Administrators,20,17,3,3.5725000000000002,86.69800000000001,3.699028588844879,62.118174,3.1059087,34,0.85
15-1251.00,Computer Programmers,17,13,4,3.621176470588235,81.01176470588236,3.92370909029362,50.827666,2.989862705882353,25,0.7647058823529411
15-1252.00,Software Developers,17,11,6,3.5658823529411765,75.60235294117648,3.8421796234465613,46.096372,2.711551294117647,22,0.6470588235294118
15-1253.00,Software Quality Assurance Analysts and Testers,30,27,0,3.9307407407407404,95.53407407407407,3.866490835711135,101.77151500000001,3.7693153703703706,41,0.9
15-1254.00,Web Developers,29,23,4,3.6311111111111107,93.20962962962962,3.135275055425599,91.70802,3.3965933333333336,37,0.7931034482758621
15-1255.00,Web and Digital Interface Designers,30,0,0,,,,0.0,,44,0.0
15-1255.01,Video Game Designers,24,24,0,3.93625,97.08333333333333,3.5311701275705762,91.8485,3.8270208333333335,27,1.0
15-1299.01,Web Administrators,35,34,1,3.898285714285714,91.24799999999999,3.2566254900727976,124.58119,3.5594625714285715,48,0.9714285714285714
15-1299.02,Geographic Information Systems Technologists and Technicians,29,25,1,3.832692307692308,93.44500000000001,3.7693266201093567,93.405653,3.5925251153846154,40,0.8620689655172413
15-1299.03,Document Management Specialists,23,22,1,3.8330434782608696,88.08434782608695,3.1008078528865566,77.948855,3.389080652173913,26,0.9565217391304348
15-1299.04,Penetration Testers,22,0,0,,,,0.0,,23,0.0
15-1299.05,Information Security Engineers,20,20,0,4.007,93.15849999999999,3.637919379918538,74.68942799999999,3.7344713999999994,26,1.0
15-1299.06,Digital Forensics Analysts,20,0,0,,,,0.0,,26,0.0
15-1299.07,Blockchain Engineers,17,0,0,,,,0.0,,19,0.0
15-1299.08,Computer Systems Engineers/Architects,28,27,1,3.7175000000000002,93.28964285714287,3.3427130494478092,97.723477,3.4901241785714285,37,0.9642857142857143
15-1299.09,Information Technology Project Managers,21,21,0,4.055238095238095,98.39047619047618,3.7924859666417166,83.80464,3.990697142857143,25,1.0
15-2011.00,Actuaries,15,12,3,3.5493333333333337,84.62933333333334,2.823700461719071,46.275150000000004,3.08501,16,0.8
15-2021.00,Mathematicians,12,11,1,3.8049999999999997,91.66666666666667,3.5711208915331807,42.2595,3.5216250000000002,16,0.9166666666666666
15-2031.00,Operations Research Analysts,17,17,0,4.143529411764706,98.04,3.1967753490754003,69.136712,4.066865411764706,22,1.0
15-2041.00,Statisticians,19,18,1,4.084210526315789,94.98842105263158,3.722507483463812,74.210251,3.9058026842105265,27,0.9473684210526315
15-2041.01,Biostatisticians,25,25,0,3.9812,90.66680000000001,2.7877402347619227,90.975824,3.63903296,30,1.0
15-2051.00,Data Scientists,16,0,0,,,,0.0,,17,0.0
15-2051.01,Business Intelligence Analysts,17,17,0,3.732941176470588,96.21823529411765,3.670343580454992,61.219039,3.6011199411764707,18,1.0
15-2051.02,Clinical Data Managers,21,19,2,3.7285714285714286,93.0952380952381,3.1809872402112056,73.111,3.4814761904761906,26,0.9047619047619048
15-2099.01,Bioinformatics Technicians,19,11,8,3.6231578947368424,73.98315789473685,3.363261213283191,51.278242999999996,2.698854894736842,22,0.5789473684210527
17-1011.00,"Architects, Except Landscape and Naval",24,19,5,3.73375,94.04791666666667,3.342433646658337,85.310838,3.5546182500000003,25,0.7916666666666666
17-1012.00,Landscape Architects,19,19,0,3.9636842105263157,97.89473684210526,3.3924462604155154,73.8615,3.887447368421053,20,1.0
17-1021.00,Cartographers and Photogrammetrists,14,11,3,4.03,77.66071428571429,4.3319604861395336,44.290026,3.1635732857142855,15,0.7857142857142857
17-1022.00,Surveyors,24,21,3,4.0216666666666665,87.76333333333334,3.672135175232477,86.919172,3.6216321666666667,26,0.875
17-1022.01,Geodetic Surveyors,16,16,0,4.13875,94.44624999999999,3.687185801040296,62.658266,3.916141625,16,1.0
17-2011.00,Aerospace Engineers,16,10,4,3.5485714285714285,72.725,3.328216679539167,37.060197,2.647156928571429,18,0.625
17-2021.00,Agricultural Engineers,14,12,2,3.612142857142857,84.47357142857143,3.205215948804802,42.93392,3.0667085714285713,20,0.8571428571428571
17-2031.00,Bioengineers and Biomedical Engineers,30,23,7,3.496666666666667,82.75366666666667,2.7231433023469056,88.306561,2.9435520333333334,33,0.7666666666666667
17-2041.00,Chemical Engineers,14,14,0,3.657857142857143,90.68285714285715,2.898134875971777,46.734125,3.3381517857142855,18,1.0
17-2051.00,Civil Engineers,16,11,5,3.59125,73.5125,3.336709596393081,43.179,2.6986875,19,0.6875
17-2051.01,Transportation Engineers,26,23,3,3.661153846153846,89.85961538461538,2.8705180176153724,86.086265,3.311010192307692,29,0.8846153846153846
17-2051.02,Water/Wastewater Engineers,28,27,1,3.75,82.29035714285715,2.5175815348011725,86.823933,3.10085475,32,0.9642857142857143
17-2061.00,Computer Hardware Engineers,18,15,3,3.6205555555555557,94.93,3.0366775936661092,62.353007,3.4640559444444445,22,0.8333333333333334
17-2071.00,Electrical Engineers,22,16,6,3.6295454545454544,71.88409090909092,3.1186795254694273,58.097893,2.6408133181818183,32,0.7272727272727273
17-2072.00,"Electronics Engineers, Except Computer",20,13,7,3.339,78.1875,3.332927753015325,53.598482,2.6799241,26,0.65
17-2072.01,Radio Frequency Identification Device Specialists,21,21,0,3.765238095238095,89.95380952380953,3.2068252009630926,71.34612,3.3974342857142856,23,1.0
17-2081.00,Environmental Engineers,29,28,1,3.7551724137931037,91.9548275862069,2.7510772094210476,100.398981,3.462033827586207,37,0.9655172413793104
17-2111.00,"Health and Safety Engineers, Except Mining Safety Engineers and Inspectors",27,23,2,3.8468,88.79,2.9380110023174297,86.30733,3.4522931999999997,33,0.8518518518518519
17-2111.02,Fire-Prevention and Protection Engineers,14,14,0,3.7892857142857146,95.60428571428572,3.0140447088255904,50.833006000000005,3.6309290000000005,20,1.0
17-2112.00,Industrial Engineers,20,18,2,3.5355,79.7645,3.4601954831034716,56.857927,2.8428963499999997,24,0.9
17-2112.01,Human Factors Engineers and Ergonomists,26,26,0,4.014230769230769,92.11538461538461,2.89849428300202,96.6195,3.7161346153846155,28,1.0
17-2112.02,Validation Engineers,21,20,1,3.8566666666666665,94.88714285714286,3.0389292123393394,77.262118,3.679148476190476,23,0.9523809523809523
17-2112.03,Manufacturing Engineers,24,23,1,3.682916666666667,92.5,3.194263049976214,82.075132,3.4197971666666667,31,0.9583333333333334
17-2121.00,Marine Engineers and Naval Architects,30,23,7,3.5593333333333335,77.52433333333333,2.752624742846881,82.867798,2.762259933333333,37,0.7666666666666667
17-2131.00,Materials Engineers,21,20,1,3.776666666666667,90.93095238095238,3.4579193569995548,72.359554,3.4456930476190477,27,0.9523809523809523
17-2141.00,Mechanical Engineers,28,16,12,3.5475,66.93285714285715,3.7816110432993026,67.384124,2.4065758571428573,39,0.5714285714285714
17-2141.01,Fuel Cell Engineers,26,25,1,3.623076923076923,95.62884615384615,3.398435832293785,90.457705,3.4791425,30,0.9615384615384616
17-2141.02,Automotive Engineers,25,25,0,3.7004,89.714,3.079538083134701,83.26409,3.3305635999999996,30,1.0
17-2151.00,"Mining and Geological Engineers, Including Mining Safety Engineers",18,9,9,3.7344444444444442,66.77833333333334,2.6968878026280447,45.405902,2.522550111111111,30,0.5
17-2161.00,Nuclear Engineers,20,20,0,3.8939999999999997,87.618,2.4518899795019498,68.284832,3.4142415999999995,22,1.0
17-2171.00,Petroleum Engineers,23,13,10,3.744782608695652,68.10565217391304,3.2892924867090123,59.116525,2.570283695652174,27,0.5652173913043478
17-2199.03,"Energy Engineers, Except Wind and Solar",21,20,1,3.7304761904761907,91.77238095238096,2.779057958421532,72.05843300000001,3.431353952380953,22,0.9523809523809523
17-2199.05,Mechatronics Engineers,23,15,8,3.6030434782608696,68.74826086956521,3.486241468739589,57.613245,2.504923695652174,30,0.6521739130434783
17-2199.06,Microsystems Engineers,31,8,17,3.5112,63.5576,2.6613782233567687,55.995764,2.23983056,35,0.25806451612903225
17-2199.07,Photonics Engineers,26,19,7,3.3123076923076926,82.44,2.6269273501541965,73.007898,2.807996076923077,35,0.7307692307692307
17-2199.08,Robotics Engineers,24,20,4,3.6304166666666666,81.25,3.1985342520007176,71.436359,2.976514958333333,28,0.8333333333333334
17-2199.09,Nanosystems Engineers,25,17,8,3.3731999999999998,84.7616,3.38808200914726,73.060288,2.92241152,28,0.68
17-2199.10,Wind Energy Engineers,16,3,13,3.3475,53.694375,2.5692751609025017,28.882878,1.805179875,16,0.1875
17-2199.11,Solar Energy Systems Engineers,13,11,2,3.7507692307692304,88.18769230769232,3.3844169065217073,44.558343,3.4275648461538464,15,0.8461538461538461
17-3011.00,Architectural and Civil Drafters,28,22,3,3.7256,83.39119999999998,3.785673250545013,79.12194099999999,3.16487764,37,0.7857142857142857
17-3012.00,Electrical and Electronics Drafters,30,17,10,3.7340740740740737,70.83111111111111,4.107050136929273,73.373953,2.717553814814815,33,0.5666666666666667
17-3013.00,Mechanical Drafters,15,14,1,3.8973333333333335,84.99600000000001,4.375829057072024,50.66514,3.377676,15,0.9333333333333333
17-3021.00,Aerospace Engineering and Operations Technologists and Technicians,11,8,3,4.329090909090909,73.27454545454545,3.725377666345503,35.104984,3.191362181818182,16,0.7272727272727273
17-3022.00,Civil Engineering Technologists and Technicians,14,7,7,3.8757142857142854,68.12214285714286,3.5767724872916853,37.221965,2.6587117857142855,16,0.5
17-3023.00,Electrical and Electronic Engineering Technologists and Technicians,30,23,3,3.7119230769230773,84.31692307692308,3.6923903701851346,81.674159,3.141313807692308,41,0.7666666666666667
17-3024.00,Electro-Mechanical and Mechatronics Technologists and Technicians,28,12,14,3.799615384615385,65.01615384615386,3.8621706767668225,65.265063,2.5101947307692307,37,0.42857142857142855
17-3024.01,Robotics Technicians,22,15,7,3.7240909090909096,76.03272727272727,3.0468638438413653,63.294672,2.8770305454545455,28,0.6818181818181818
17-3025.00,Environmental Engineering Technologists and Technicians,26,12,14,3.6915384615384617,65.345,3.2938896172198993,63.550266,2.444241,32,0.46153846153846156
17-3026.00,Industrial Engineering Technologists and Technicians,30,6,1,3.4514285714285715,70.76571428571428,3.8945495098548233,17.14714,2.4495914285714284,36,0.2
17-3026.01,Nanotechnology Engineering Technologists and Technicians,25,19,6,3.7332,76.4,3.1197954024170604,72.8605,2.9144200000000002,26,0.76
17-3027.00,Mechanical Engineering Technologists and Technicians,30,19,7,3.496923076923077,74.40038461538461,3.433856424167372,68.212718,2.6235660769230766,38,0.6333333333333333
17-3027.01,Automotive Engineering Technicians,18,18,0,3.7994444444444446,95.26888888888888,3.9467234696482345,65.325771,3.6292095,20,1.0
17-3028.00,Calibration Technologists and Technicians,15,0,0,,,,0.0,,18,0.0
17-3029.01,Non-Destructive Testing Specialists,16,15,1,4.469375,90.218125,5.221917173315001,64.863115,4.0539446875,18,0.9375
17-3029.08,Photonics Technicians,24,11,13,3.6183333333333336,64.83666666666666,3.4287549904657166,57.086445,2.3786018749999998,30,0.4583333333333333
17-3031.00,Surveying and Mapping Technicians,30,17,2,3.895263157894737,82.2421052631579,4.232796677021644,61.268924,3.2246802105263157,31,0.5666666666666667
19-1011.00,Animal Scientists,9,7,2,4.017777777777777,87.92333333333333,3.6676495716238287,32.668028,3.629780888888889,10,0.7777777777777778
19-1012.00,Food Scientists and Technologists,13,13,0,3.8938461538461535,98.94999999999999,3.420515025630626,50.12314,3.8556261538461536,13,1.0
19-1013.00,Soil and Plant Scientists,27,19,8,3.3622222222222224,75.40518518518519,2.9671993827097594,70.039103,2.594040851851852,31,0.7037037037037037
19-1021.00,Biochemists and Biophysicists,24,20,4,3.8562499999999997,82.25875,3.40682237551739,77.517848,3.229910333333333,25,0.8333333333333334
19-1022.00,Microbiologists,14,13,1,3.9435714285714285,83.44142857142857,4.50074259991114,46.310843,3.307917357142857,17,0.9285714285714286
19-1023.00,Zoologists and Wildlife Biologists,14,10,4,3.525714285714286,76.48642857142856,2.9769872089534286,38.555879000000004,2.7539913571428576,20,0.7142857142857143
19-1029.01,Bioinformatics Scientists,20,13,7,3.5395000000000003,76.7255,3.0909391390465446,55.435409,2.77177045,22,0.65
19-1029.02,Molecular and Cellular Biologists,22,19,3,3.7681818181818185,94.05636363636363,3.4765464045748278,78.718673,3.5781215,26,0.8636363636363636
19-1029.03,Geneticists,24,19,5,3.7412500000000004,87.01375,3.234057511943492,79.67111200000001,3.319629666666667,27,0.7916666666666666
19-1029.04,Biologists,22,13,9,3.688181818181818,66.3259090909091,3.116991846077691,54.789885,2.490449318181818,31,0.5909090909090909
19-1031.00,Conservation Scientists,30,29,1,3.8676666666666666,83.61566666666666,2.8190043990607467,97.58761,3.2529203333333334,34,0.9666666666666667
19-1031.02,Range Managers,16,14,2,3.669375,84.485625,2.9361397756328977,49.964469,3.1227793125,20,0.875
19-1031.03,Park Naturalists,20,17,3,3.6119999999999997,86.2145,3.2345011392467584,63.010232,3.1505116,32,0.85
19-1032.00,Foresters,25,15,10,3.2895999999999996,68.5616,2.689309855885099,57.438814,2.29755256,31,0.6
19-1041.00,Epidemiologists,16,14,2,3.845,90.46124999999999,3.292663182082819,56.524172,3.53276075,23,0.875
19-1042.00,"Medical Scientists, Except Epidemiologists",14,8,6,4.117142857142857,67.44785714285715,3.4633979817372658,39.322102,2.8087215714285714,21,0.5714285714285714
19-2011.00,Astronomers,17,16,1,3.9105882352941177,92.83764705882353,2.7752229947314064,62.55609,3.67977,20,0.9411764705882353
19-2012.00,Physicists,10,7,3,3.943,77.899,3.440806392697264,30.97551,3.097551,10,0.7
19-2021.00,Atmospheric and Space Scientists,27,18,9,3.764074074074074,76.29629629629629,3.7379427616943164,78.235,2.8975925925925927,34,0.6666666666666666
19-2031.00,Chemists,12,12,0,3.855,89.64666666666666,3.7441049242466327,41.48069,3.456724166666667,15,1.0
19-2032.00,Materials Scientists,16,15,1,3.94375,89.285625,3.0356819798869656,56.425148,3.52657175,16,0.9375
19-2041.00,"Environmental Scientists and Specialists, Including Health",22,12,10,3.4513636363636366,70.89999999999999,2.9236428949516338,54.675376,2.4852443636363635,25,0.5454545454545454
19-2041.01,Climate Change Policy Analysts,14,14,0,4.090714285714285,97.515,2.7397413894324854,55.951441,3.9965315,16,1.0
19-2041.02,Environmental Restoration Planners,23,23,0,3.8865217391304347,94.66260869565217,2.708509798502315,84.929226,3.6925750434782607,27,1.0
19-2041.03,Industrial Ecologists,38,30,8,3.4678947368421054,89.70184210526315,2.6382858767229522,120.216437,3.163590447368421,44,0.7894736842105263
19-2042.00,"Geoscientists, Except Hydrologists and Geographers",32,13,19,3.6296875,60.8021875,2.4686220691567518,73.06785599999999,2.2833704999999997,41,0.40625
19-2043.00,Hydrologists,25,23,2,3.536,88.6156,2.7843875430542755,79.310472,3.1724188800000004,35,0.92
19-2099.01,Remote Sensing Scientists and Technologists,24,24,0,3.8633333333333333,95.16666666666667,3.48910928323826,88.59400000000001,3.691416666666667,29,1.0
19-3011.00,Economists,14,13,1,3.8042857142857143,91.66571428571429,3.286045019766307,49.355304000000004,3.5253788571428575,17,0.9285714285714286
19-3011.01,Environmental Economists,20,18,2,3.5770000000000004,96.29650000000001,2.570735397886204,69.439466,3.4719732999999997,26,0.9
19-3022.00,Survey Researchers,16,16,0,4.159375,98.0575,3.4184695682835082,65.454968,4.0909355,20,1.0
19-3032.00,Industrial-Organizational Psychologists,25,23,2,3.906,94.7692,2.8575971671488305,93.798043,3.7519217200000003,28,0.92
19-3033.00,Clinical and Counseling Psychologists,30,27,3,3.8853333333333335,95.589,3.920601179691645,112.330359,3.7443453,36,0.9
19-3034.00,School Psychologists,19,18,1,4.002105263157895,92.55315789473684,3.5881555893081005,70.850754,3.7289870526315787,24,0.9473684210526315
19-3039.02,Neuropsychologists,14,14,0,4.24,98.0,4.242545239047524,58.336,4.166857142857142,16,1.0
19-3039.03,Clinical Neuropsychologists,18,18,0,4.388333333333333,95.37055555555555,4.244613585365358,75.696438,4.205357666666667,21,1.0
19-3041.00,Sociologists,15,15,0,3.8973333333333335,98.33333333333333,3.2771888891110885,57.5485,3.8365666666666667,20,1.0
19-3051.00,Urban and Regional Planners,25,19,0,4.1078947368421055,98.52631578947368,3.1024116706407483,76.9636,4.050715789473684,27,0.76
19-3091.00,Anthropologists and Archeologists,30,20,10,3.7056666666666667,78.16666666666667,2.3979467706770676,87.409,2.9136333333333337,37,0.6666666666666666
19-3092.00,Geographers,12,12,0,3.8708333333333336,90.41666666666667,3.4181966173812994,42.106,3.5088333333333335,13,1.0
19-3093.00,Historians,21,16,5,3.587619047619048,76.43476190476191,3.2267627732617705,58.34489,2.7783280952380953,28,0.7619047619047619
19-3094.00,Political Scientists,14,10,4,3.5964285714285715,97.52785714285714,2.8569177405333916,49.489764,3.534983142857143,16,0.7142857142857143
19-3099.01,Transportation Planners,22,21,1,3.8350000000000004,94.0909090909091,2.7332081433901725,79.7885,3.62675,25,0.9545454545454546
19-4012.00,Agricultural Technicians,26,9,17,3.6107692307692307,58.606923076923074,3.198661588284308,56.110073,2.1580797307692308,28,0.34615384615384615
19-4012.01,Precision Agriculture Technicians,22,22,0,3.7763636363636364,96.44136363636363,3.4627695941324688,80.33853,3.651751363636364,25,1.0
19-4013.00,Food Science Technicians,16,14,2,4.15375,82.92625,4.739977906828467,55.323002,3.457687625,18,0.875
19-4021.00,Biological Technicians,17,12,5,3.935294117647059,73.10058823529413,4.3335277514609984,49.217314,2.895136117647059,21,0.7058823529411765
19-4031.00,Chemical Technicians,16,12,4,3.99375,76.60375,4.010961532650553,49.877877,3.1173673125,20,0.75
19-4042.00,"Environmental Science and Protection Technicians, Including Health",25,20,5,3.4972,77.9128,3.263661921890172,68.662694,2.74650776,32,0.8
19-4043.00,"Geological Technicians, Except Hydrologic Technicians",29,11,12,3.6134782608695653,68.82391304347826,3.2478358361675324,59.118538,2.5703712173913043,33,0.3793103448275862
19-4044.00,Hydrologic Technicians,16,0,0,,,,0.0,,20,0.0
19-4051.00,Nuclear Technicians,18,7,9,4.27125,65.023125,4.3344087559994,46.063164,2.87894775,18,0.3888888888888889
19-4051.02,Nuclear Monitoring Technicians,16,14,2,4.278125,88.815,4.319633057470206,60.966429,3.8104018125,19,0.875
19-4061.00,Social Science Research Assistants,22,10,12,3.9272727272727277,63.551818181818184,3.521134040820977,55.485092,2.5220496363636364,26,0.45454545454545453
19-4071.00,Forest and Conservation Technicians,20,5,15,3.461,53.133500000000005,3.135745828690708,36.690447,1.8345223499999999,30,0.25
19-4092.00,Forensic Science Technicians,24,15,9,4.06625,70.63,3.5047341568907746,69.953015,2.914708958333333,33,0.625
19-4099.01,Quality Control Analysts,26,21,5,3.8492307692307692,82.86576923076925,3.922006094565892,83.751375,3.2212067307692305,27,0.8076923076923077
19-4099.03,Remote Sensing Technicians,21,9,9,3.7338888888888886,68.55000000000001,3.658484004770729,46.556844,2.586491333333333,26,0.42857142857142855
19-5011.00,Occupational Health and Safety Specialists,22,19,3,3.821818181818182,89.92045454545455,2.4203128278789467,76.511347,3.4777885,32,0.8636363636363636
19-5012.00,Occupational Health and Safety Technicians,26,19,7,3.5603846153846153,79.85384615384615,2.5838794630743718,75.598385,2.907630192307692,31,0.7307692307692307
21-1011.00,Substance Abuse and Behavioral Disorder Counselors,23,22,1,4.357826086956522,90.22130434782609,4.028589826008072,90.58471800000001,3.9384660000000005,29,0.9565217391304348
21-1012.00,"Educational, Guidance, and Career Counselors and Advisors",35,22,13,3.816857142857143,73.76657142857142,3.4805144987058227,99.804083,2.8515452285714287,52,0.6285714285714286
21-1013.00,Marriage and Family Therapists,15,11,4,3.9953333333333334,82.914,4.283625632492894,51.22784,3.415189333333333,21,0.7333333333333333
21-1014.00,Mental Health Counselors,27,27,0,4.272222222222222,97.34962962962963,4.224535400947539,112.761887,4.176366185185185,40,1.0
21-1015.00,Rehabilitation Counselors,17,14,3,4.1135294117647065,84.63117647058823,4.033020519214794,59.608235,3.5063667647058825,20,0.8235294117647058
21-1021.00,"Child, Family, and School Social Workers",21,12,9,4.158095238095238,64.96190476190476,3.749019708055278,57.067546,2.7175021904761905,35,0.5714285714285714
21-1022.00,Healthcare Social Workers,17,15,2,4.055294117647058,87.64470588235294,4.379137724347318,61.027365,3.5898450000000004,22,0.8823529411764706
21-1023.00,Mental Health and Substance Abuse Social Workers,13,11,2,3.9784615384615383,89.82153846153847,4.142490012584395,46.903958,3.6079967692307693,18,0.8461538461538461
21-1091.00,Health Education Specialists,16,15,1,3.816875,77.09125,3.0324073417136983,47.26927,2.954329375,21,0.9375
21-1092.00,Probation Officers and Correctional Treatment Specialists,21,17,4,4.1519047619047615,79.69714285714285,4.107277134219198,70.017851,3.3341833809523806,24,0.8095238095238095
21-1093.00,Social and Human Service Assistants,19,8,11,3.4921052631578946,59.93578947368421,3.2457438538409646,41.542046,2.1864234736842105,24,0.42105263157894735
21-1094.00,Community Health Workers,28,7,21,3.7275,54.091071428571425,3.900283049052795,56.503098,2.0179677857142857,33,0.25
21-2011.00,Clergy,21,21,0,4.173333333333334,97.01380952380953,3.698555601553509,85.141028,4.054334666666667,27,1.0
21-2021.00,"Directors, Religious Activities and Education",19,17,2,3.646842105263158,89.15157894736842,2.686295145010215,62.236258,3.2755925263157892,27,0.8947368421052632
23-1011.00,Lawyers,22,15,7,4.082272727272727,75.10954545454545,3.942447585820205,67.930978,3.087771727272727,31,0.6818181818181818
23-1012.00,Judicial Law Clerks,18,10,8,3.6127777777777776,74.4,3.7308972197944166,51.206306999999995,2.8447948333333333,25,0.5555555555555556
23-1021.00,"Administrative Law Judges, Adjudicators, and Hearing Officers",14,12,2,4.311428571428571,78.3157142857143,4.681419794658269,47.663844999999995,3.4045603571428567,19,0.8571428571428571
23-1022.00,"Arbitrators, Mediators, and Conciliators",20,15,5,3.8560000000000003,79.7105,3.207380172862552,63.446433,3.1723216499999998,23,0.75
23-1023.00,"Judges, Magistrate Judges, and Magistrates",21,15,6,4.286190476190477,83.36476190476189,3.78454280021089,75.057198,3.574152285714286,24,0.7142857142857143
23-2011.00,Paralegals and Legal Assistants,12,6,6,3.61,62.82,3.578084379372344,28.735428000000002,2.394619,20,0.5
23-2093.00,"Title Examiners, Abstractors, and Searchers",16,11,5,4.160625,76.46,5.223950485581317,51.628029,3.2267518125,26,0.6875
25-1011.00,"Business Teachers, Postsecondary",25,19,6,3.9108,81.048,3.1480827038854273,80.917935,3.2367174,36,0.76
25-1021.00,"Computer Science Teachers, Postsecondary",26,16,10,3.8784615384615386,78.19346153846153,3.379859898431015,79.870508,3.071942615384615,34,0.6153846153846154
25-1022.00,"Mathematical Science Teachers, Postsecondary",23,13,10,3.6743478260869566,76.39304347826086,3.0286868446683033,66.503913,2.8914744782608692,33,0.5652173913043478
25-1031.00,"Architecture Teachers, Postsecondary",22,19,3,3.9136363636363636,88.78863636363636,3.4753002101038075,76.992559,3.4996617727272725,29,0.8636363636363636
25-1032.00,"Engineering Teachers, Postsecondary",24,18,6,3.67125,89.47666666666667,3.380703908596903,79.751055,3.322960625,33,0.75
25-1041.00,"Agricultural Sciences Teachers, Postsecondary",23,22,1,3.8443478260869566,87.96826086956521,3.487806691477639,78.061044,3.3939584347826086,31,0.9565217391304348
25-1042.00,"Biological Science Teachers, Postsecondary",27,22,5,3.7177777777777776,89.56296296296296,3.3296194079032766,91.454765,3.3872135185185184,35,0.8148148148148148
25-1043.00,"Forestry and Conservation Science Teachers, Postsecondary",25,21,4,3.8207999999999998,89.814,3.43919299907041,86.554635,3.4621854,34,0.84
25-1051.00,"Atmospheric, Earth, Marine, and Space Sciences Teachers, Postsecondary",26,14,12,3.5276923076923077,81.78307692307693,3.0516689933514978,76.613197,2.946661423076923,35,0.5384615384615384
25-1052.00,"Chemistry Teachers, Postsecondary",28,23,5,3.812857142857143,89.57892857142858,3.366710971416288,96.84864,3.45888,40,0.8214285714285714
25-1053.00,"Environmental Science Teachers, Postsecondary",25,21,4,3.696,90.1648,3.2440457736095776,84.106817,3.3642726800000005,34,0.84
25-1054.00,"Physics Teachers, Postsecondary",24,19,5,3.6962499999999996,87.13666666666667,3.2512771681123014,78.750077,3.2812532083333337,32,0.7916666666666666
25-1061.00,"Anthropology and Archeology Teachers, Postsecondary",27,25,2,3.840740740740741,95.11666666666667,3.176841170521284,99.44066,3.682987407407407,38,0.9259259259259259
25-1062.00,"Area, Ethnic, and Cultural Studies Teachers, Postsecondary",23,22,1,3.8104347826086955,87.81695652173913,3.342226001872304,78.44028300000001,3.410447086956522,30,0.9565217391304348
25-1063.00,"Economics Teachers, Postsecondary",22,19,3,3.6731818181818183,89.98454545454545,3.2444719969052653,73.510334,3.341378818181818,29,0.8636363636363636
25-1064.00,"Geography Teachers, Postsecondary",25,19,6,3.6431999999999998,89.3984,3.322210682399907,82.583707,3.3033482800000002,34,0.76
25-1065.00,"Political Science Teachers, Postsecondary",22,19,3,3.8245454545454547,91.44772727272726,3.31722583881744,78.302133,3.5591878636363634,29,0.8636363636363636
25-1066.00,"Psychology Teachers, Postsecondary",29,21,8,3.6558620689655172,84.29379310344828,3.279371615509013,89.996644,3.103332551724138,41,0.7241379310344828
25-1067.00,"Sociology Teachers, Postsecondary",24,20,4,3.6804166666666664,87.93624999999999,3.075406541628357,79.122329,3.296763708333333,34,0.8333333333333334
25-1071.00,"Health Specialties Teachers, Postsecondary",22,17,5,3.8786363636363634,81.94590909090908,3.139582294674641,70.139836,3.1881743636363638,29,0.7727272727272727
25-1072.00,"Nursing Instructors and Teachers, Postsecondary",29,22,7,4.056206896551724,81.42758620689655,3.2987922228230255,97.143531,3.3497769310344827,38,0.7586206896551724
25-1081.00,"Education Teachers, Postsecondary",24,18,6,3.62375,84.70041666666667,3.0720390784788076,75.490235,3.145426458333333,34,0.75
25-1082.00,"Library Science Teachers, Postsecondary",25,22,3,3.9528000000000003,85.5784,3.1403970921252515,85.636211,3.4254484400000003,35,0.88
25-1111.00,"Criminal Justice and Law Enforcement Teachers, Postsecondary",23,17,6,3.795217391304348,80.38130434782609,3.3273510917271634,71.604829,3.1132534347826084,31,0.7391304347826086
25-1112.00,"Law Teachers, Postsecondary",23,17,6,3.7673913043478264,81.01565217391304,3.1137801168437576,72.129592,3.1360692173913045,30,0.7391304347826086
25-1113.00,"Social Work Teachers, Postsecondary",24,20,4,3.92,87.87166666666667,3.440897280505098,83.377528,3.4740636666666664,33,0.8333333333333334
25-1121.00,"Art, Drama, and Music Teachers, Postsecondary",28,20,8,3.8785714285714286,83.10214285714287,3.5696086758955867,91.638374,3.2727990714285715,36,0.7142857142857143
25-1122.00,"Communications Teachers, Postsecondary",22,17,5,3.899545454545455,84.25636363636364,3.4066675127072203,74.099217,3.368146227272727,29,0.7727272727272727
25-1123.00,"English Language and Literature Teachers, Postsecondary",33,23,10,3.6827272727272726,80.4718181818182,3.2310784871521183,100.820413,3.0551640303030303,47,0.696969696969697
25-1124.00,"Foreign Language and Literature Teachers, Postsecondary",24,20,4,3.875,86.30583333333334,3.2433589074555056,81.647409,3.4019753749999997,32,0.8333333333333334
25-1125.00,"History Teachers, Postsecondary",25,20,5,3.7836000000000003,91.8752,3.241612862538234,87.826348,3.51305392,33,0.8
25-1126.00,"Philosophy and Religion Teachers, Postsecondary",22,21,1,3.9263636363636363,87.80681818181819,3.138083846996174,76.836309,3.4925595,29,0.9545454545454546
25-1192.00,"Family and Consumer Sciences Teachers, Postsecondary",23,17,6,4.086956521739131,84.3004347826087,3.316467082121627,80.007745,3.4785976086956523,31,0.7391304347826086
25-1193.00,"Recreation and Fitness Studies Teachers, Postsecondary",23,19,4,3.857391304347826,84.46478260869566,3.5328618698303575,76.296206,3.317226347826087,30,0.8260869565217391
25-1194.00,"Career/Technical Education Teachers, Postsecondary",20,19,1,4.0515,89.0005,3.8201006566313565,72.655603,3.63278015,24,0.95
25-2011.00,"Preschool Teachers, Except Special Education",34,32,2,4.195,88.985,4.417724401106979,127.469595,3.7491057352941177,42,0.9411764705882353
25-2012.00,"Kindergarten Teachers, Except Special Education",37,36,1,4.173513513513513,97.21486486486486,4.749435128392729,150.286428,4.061795351351352,51,0.972972972972973
25-2021.00,"Elementary School Teachers, Except Special Education",38,36,2,4.135526315789474,94.36578947368422,4.558522576489647,149.275068,3.928291263157895,49,0.9473684210526315
25-2022.00,"Middle School Teachers, Except Special and Career/Technical Education",35,33,2,3.8017142857142856,91.218,4.143188087709424,122.180949,3.490884257142857,46,0.9428571428571428
25-2023.00,"Career/Technical Education Teachers, Middle School",31,31,0,4.067096774193549,98.81838709677419,4.425555785723332,124.683516,4.022048903225806,41,1.0
25-2031.00,"Secondary School Teachers, Except Special and Career/Technical Education",32,30,2,3.68375,95.343125,4.139804694172766,112.779833,3.52436978125,42,0.9375
25-2032.00,"Career/Technical Education Teachers, Secondary School",33,32,1,3.9145454545454546,96.33363636363637,4.367596506324294,124.684448,3.7783166060606064,43,0.9696969696969697
25-2051.00,"Special Education Teachers, Preschool",36,34,2,4.2444444444444445,87.14416666666666,4.543389483567564,133.79098199999999,3.7164161666666664,43,0.9444444444444444
25-2055.00,"Special Education Teachers, Kindergarten",30,0,0,,,,0.0,,38,0.0
25-2056.00,"Special Education Teachers, Elementary School",30,30,0,4.358666666666666,93.58099999999999,4.494139095539457,122.692902,4.0897634,36,1.0
25-2057.00,"Special Education Teachers, Middle School",40,35,5,3.99375,87.79825,4.399060018582325,141.041419,3.5260354749999996,54,0.875
25-2058.00,"Special Education Teachers, Secondary School",40,33,7,3.9204999999999997,85.30725,4.26934698768444,136.061767,3.401544175,51,0.825
25-2059.01,Adapted Physical Education Specialists,20,20,0,4.2245,96.42999999999999,4.225463007760637,81.525472,4.0762735999999995,22,1.0
25-3011.00,"Adult Basic Education, Adult Secondary Education, and English as a Second Language Instructors",37,29,8,3.6772972972972973,80.04702702702703,3.6886558602521196,110.44258,2.984934594594595,46,0.7837837837837838
25-3021.00,Self-Enrichment Teachers,30,20,10,3.759666666666667,73.59233333333333,3.894046165243662,84.645043,2.8215014333333333,37,0.6666666666666666
25-3031.00,"Substitute Teachers, Short-Term",18,13,5,4.2283333333333335,82.31611111111111,4.416632343555602,63.154329,3.508573833333333,21,0.7222222222222222
25-3041.00,Tutors,19,16,3,3.9363157894736847,90.43052631578948,4.355200527135833,68.354919,3.5976273157894734,22,0.8421052631578947
25-4011.00,Archivists,13,13,0,4.22076923076923,98.01384615384616,4.199818693507417,53.85914,4.143010769230769,15,1.0
25-4012.00,Curators,15,12,3,3.6573333333333333,81.81333333333333,2.845285790279991,45.765031,3.051002066666667,22,0.8
25-4013.00,Museum Technicians and Conservators,24,12,12,3.8037500000000004,64.87958333333333,3.128557540672332,59.872237000000005,2.4946765416666667,33,0.5
25-4022.00,Librarians and Media Collections Specialists,30,27,1,3.807142857142857,83.28821428571429,3.673063584510895,89.023873,3.1794240357142853,36,0.9
25-4031.00,Library Technicians,31,17,14,3.6703225806451614,65.68741935483871,3.911764117594867,76.197514,2.457984322580645,36,0.5483870967741935
25-9021.00,Farm and Home Management Educators,15,12,3,3.7733333333333334,86.34533333333334,2.9377979305661692,49.640193000000004,3.3093462000000002,21,0.8
25-9031.00,Instructional Coordinators,30,10,3,3.8461538461538463,80.13153846153847,2.835443048922892,40.516569000000004,3.1166591538461543,34,0.3333333333333333
25-9042.00,"Teaching Assistants, Preschool, Elementary, Middle, and Secondary School, Except Special Education",28,19,9,3.964642857142857,75.10857142857142,4.290882335476109,84.050602,3.0018072142857144,33,0.6785714285714286
25-9043.00,"Teaching Assistants, Special Education",30,20,10,3.69,75.908,4.451489999680452,85.32972600000001,2.8443242000000004,34,0.6666666666666666
25-9044.00,"Teaching Assistants, Postsecondary",20,13,7,3.7405,71.233,3.194442800856428,54.271062,2.7135531,28,0.65
27-1011.00,Art Directors,16,12,4,4.1293750000000005,80.50875,4.07438249437682,53.522508,3.34515675,20,0.75
27-1012.00,Craft Artists,16,14,2,3.87875,86.33875,3.4791054836733672,54.213988,3.38837425,18,0.875
27-1013.00,"Fine Artists, Including Painters, Sculptors, and Illustrators",28,8,20,3.6310714285714285,55.799642857142864,3.1247116150442946,57.11544,2.039837142857143,33,0.2857142857142857
27-1014.00,Special Effects Artists and Animators,13,6,7,3.7,65.96769230769232,3.963589500251741,32.613633,2.508741,18,0.46153846153846156
27-1021.00,Commercial and Industrial Designers,17,12,5,3.5288235294117647,78.85823529411765,3.582115465926743,48.383337,2.8460786470588233,23,0.7058823529411765
27-1022.00,Fashion Designers,20,13,7,3.8325000000000005,73.712,3.4907477316884274,57.035276,2.8517638,25,0.65
27-1023.00,Floral Designers,15,14,1,4.149333333333334,91.432,4.449025376026521,57.225902000000005,3.8150601333333336,19,0.9333333333333333
27-1024.00,Graphic Designers,19,17,2,4.057894736842105,96.3157894736842,4.5891906518782655,74.6935,3.931236842105263,25,0.8947368421052632
27-1025.00,Interior Designers,16,15,1,4.15,95.5,3.8604335048560854,64.0676,4.004225,21,0.9375
27-1026.00,Merchandise Displayers and Window Trimmers,24,16,8,3.84375,74.54041666666667,3.819112171802163,69.070192,2.877924666666667,26,0.6666666666666666
27-1027.00,Set and Exhibit Designers,27,19,8,3.9125925925925924,82.38962962962962,2.879466445131146,89.987506,3.3328705925925926,32,0.7037037037037037
27-2011.00,Actors,18,13,5,3.9305555555555554,78.18055555555556,3.344911555120036,57.970406,3.220578111111111,20,0.7222222222222222
27-2012.00,Producers and Directors,30,17,10,3.8433333333333333,68.21407407407408,4.052070798242912,71.669346,2.6544202222222224,35,0.5666666666666667
27-2012.03,Media Programming Directors,23,19,4,3.707826086956522,78.23391304347827,3.890086700516867,67.329513,2.927370130434783,25,0.8260869565217391
27-2012.04,Talent Directors,15,11,4,3.854,77.14666666666668,3.576394411270278,45.705336,3.0470224000000004,20,0.7333333333333333
27-2012.05,Media Technical Directors/Managers,15,11,4,4.006666666666667,74.58266666666667,4.6993104917462905,44.66687,2.9777913333333337,17,0.7333333333333333
27-2021.00,Athletes and Sports Competitors,9,9,0,3.9311111111111114,93.73222222222222,4.650413071307131,33.261831,3.6957590000000002,10,1.0
27-2022.00,Coaches and Scouts,27,17,10,4.0381481481481485,76.58666666666667,3.7091395581768403,84.163611,3.117170777777778,34,0.6296296296296297
27-2023.00,"Umpires, Referees, and Other Sports Officials",16,8,8,4.23,70.23875,3.954795265637343,47.750919,2.9844324375,20,0.5
27-2031.00,Dancers,14,10,4,3.994285714285714,81.19928571428571,4.06638356478755,45.414705,3.2439074999999997,16,0.7142857142857143
27-2032.00,Choreographers,18,17,1,3.8905555555555558,94.61666666666666,4.041935060065517,66.590033,3.699446277777778,18,0.9444444444444444
27-2041.00,Music Directors and Composers,30,27,1,3.927857142857143,89.15392857142857,3.6026089306485916,98.754133,3.5269333214285714,33,0.9
27-2042.00,Musicians and Singers,29,19,8,3.903703703703704,78.53999999999999,3.5727308248597462,85.199963,3.155554185185185,29,0.6551724137931034
27-2091.00,"Disc Jockeys, Except Radio",19,0,0,,,,0.0,,21,0.0
27-3011.00,Broadcast Announcers and Radio Disc Jockeys,24,19,5,3.9270833333333335,75.26416666666667,4.247397660892714,71.924667,2.996861125,26,0.7916666666666666
27-3023.00,"News Analysts, Reporters, and Journalists",30,30,0,4.088333333333333,91.34466666666667,4.749611599195233,112.788038,3.7596012666666665,33,1.0
27-3031.00,Public Relations Specialists,18,15,3,3.8449999999999998,91.16055555555556,3.1464541072362633,63.797401,3.5443000555555555,21,0.8333333333333334
27-3041.00,Editors,21,13,8,3.9147619047619044,74.8352380952381,4.302984974330326,62.935844,2.9969449523809524,24,0.6190476190476191
27-3042.00,Technical Writers,15,15,0,3.8986666666666663,84.32,4.118176008229226,49.570892,3.3047261333333333,17,1.0
27-3043.00,Writers and Authors,20,6,2,3.9775,86.27,3.9535445385079453,27.670975,3.458871875,21,0.3
27-3043.05,"Poets, Lyricists and Creative Writers",16,10,6,3.996875,81.60125,3.3936098864830537,52.456561,3.2785350625,17,0.625
27-3091.00,Interpreters and Translators,17,8,9,4.187647058823529,70.44529411764705,4.216339171239627,51.191844,3.011284941176471,18,0.47058823529411764
27-3092.00,Court Reporters and Simultaneous Captioners,14,10,4,4.707142857142857,81.50285714285714,4.513668395196469,53.856087,3.8468633571428574,17,0.7142857142857143
27-4011.00,Audio and Video Technicians,29,11,18,3.3513793103448277,65.14896551724138,3.2773216542394925,64.13142,2.2114282758620694,34,0.3793103448275862
27-4012.00,Broadcast Technicians,27,13,14,3.923333333333333,65.03407407407407,4.091260034592505,70.46804399999999,2.6099275555555552,32,0.48148148148148145
27-4014.00,Sound Engineering Technicians,14,13,1,4.2335714285714285,92.85714285714286,4.287170364392132,55.6312,3.9736571428571428,15,0.9285714285714286
27-4015.00,Lighting Technicians,16,0,0,,,,0.0,,20,0.0
27-4021.00,Photographers,28,19,9,3.972142857142857,83.75071428571428,3.998561157875582,96.971217,3.46325775,32,0.6785714285714286
27-4031.00,"Camera Operators, Television, Video, and Film",21,9,12,4.123333333333333,68.41952380952381,4.2782342592922475,60.024879999999996,2.858327619047619,22,0.42857142857142855
27-4032.00,Film and Video Editors,22,13,9,4.173181818181818,72.13636363636364,5.084557570113802,66.995091,3.0452314090909094,24,0.5909090909090909
29-1011.00,Chiropractors,11,11,0,4.585454545454545,98.91818181818181,5.5633765015362195,49.986309,4.544209909090909,16,1.0
29-1021.00,"Dentists, General",20,20,0,4.2985,91.54400000000001,5.036018513439635,79.159671,3.9579835500000002,27,1.0
29-1022.00,Oral and Maxillofacial Surgeons,14,11,3,4.021428571428571,84.66214285714285,4.039876180547976,49.811211,3.557943642857143,14,0.7857142857142857
29-1023.00,Orthodontists,11,11,0,4.8,99.16363636363636,6.024260994281247,52.383248,4.762113454545455,13,1.0
29-1024.00,Prosthodontists,12,12,0,4.381666666666667,94.665,4.6594180807770975,49.967839,4.163986583333333,14,1.0
29-1031.00,Dietitians and Nutritionists,28,13,15,3.498571428571428,75.11107142857144,3.210656045517596,75.880327,2.7100116785714286,39,0.4642857142857143
29-1041.00,Optometrists,10,10,0,4.642,100.0,5.252382378999624,46.42,4.642,13,1.0
29-1051.00,Pharmacists,20,14,6,4.049,73.33500000000001,4.9594008564186085,60.642341,3.03211705,28,0.7
29-1071.00,Physician Assistants,12,12,0,4.5475,93.91833333333334,6.009934365103177,51.804591,4.31704925,17,1.0
29-1071.01,Anesthesiologist Assistants,16,5,11,4.38375,70.791875,4.494075557553909,49.771307,3.1107066875,22,0.3125
29-1081.00,Podiatrists,11,10,1,4.2309090909090905,93.8,5.196928247093125,44.151387,4.013762454545454,17,0.9090909090909091
29-1122.00,Occupational Therapists,17,16,1,4.148823529411764,96.79058823529412,4.591682639813692,68.649401,4.038200058823529,24,0.9411764705882353
29-1122.01,"Low Vision Therapists, Orientation and Mobility Specialists, and Vision Rehabilitation Therapists",21,19,2,4.1657142857142855,90.88952380952381,3.727429880576156,79.762768,3.798227047619047,22,0.9047619047619048
29-1123.00,Physical Therapists,24,23,1,4.27125,94.36375,4.762182540618952,97.73586300000001,4.072327625000001,36,0.9583333333333334
29-1124.00,Radiation Therapists,22,19,3,4.492272727272727,85.23590909090909,5.282997128674496,85.283518,3.8765235454545457,31,0.8636363636363636
29-1125.00,Recreational Therapists,11,11,0,4.443636363636364,95.93454545454546,4.756326037229912,46.913614,4.264874,14,1.0
29-1126.00,Respiratory Therapists,22,20,2,4.460909090909091,90.67090909090909,4.876628821720779,89.333753,4.060625136363637,32,0.9090909090909091
29-1127.00,Speech-Language Pathologists,23,17,6,4.336086956521739,87.18173913043479,4.143194437300988,88.063306,3.828839391304348,36,0.7391304347826086
29-1128.00,Exercise Physiologists,25,25,0,4.072,93.4104,4.170338917401147,95.80828699999999,3.8323314799999997,29,1.0
29-1129.01,Art Therapists,25,22,3,3.9336,94.62639999999999,4.08384163133685,94.015005,3.7606002000000003,35,0.88
29-1129.02,Music Therapists,30,30,0,4.171666666666667,97.69133333333335,4.41187802574295,122.44682900000001,4.081560966666667,34,1.0
29-1131.00,Veterinarians,21,14,7,4.175238095238096,80.99095238095238,4.560049042617776,71.846343,3.421254428571429,28,0.6666666666666666
29-1141.00,Registered Nurses,27,15,12,4.264074074074074,69.25703703703704,4.6783308702413455,80.915056,2.9968539259259264,41,0.5555555555555556
29-1141.01,Acute Care Nurses,27,23,4,4.345555555555555,89.08777777777777,5.187039445741505,104.58559,3.87354037037037,32,0.8518518518518519
29-1141.02,Advanced Practice Psychiatric Nurses,24,20,4,4.182916666666666,91.04041666666666,4.677773178737398,92.811716,3.8671548333333337,26,0.8333333333333334
29-1141.03,Critical Care Nurses,29,29,0,4.2027586206896554,97.13172413793104,5.092735060726199,118.642346,4.091115379310345,40,1.0
29-1141.04,Clinical Nurse Specialists,30,30,0,4.061333333333334,94.73033333333333,4.073004930506718,116.124806,3.870826866666667,36,1.0
29-1151.00,Nurse Anesthetists,24,24,0,4.474166666666666,99.07458333333334,5.195513150722919,106.457174,4.435715583333333,40,1.0
29-1161.00,Nurse Midwives,21,20,1,4.5561904761904755,96.68142857142857,5.09794162726575,93.232669,4.439650904761905,28,0.9523809523809523
29-1171.00,Nurse Practitioners,27,27,0,4.53,98.06666666666668,5.439166680996963,120.018855,4.445142777777778,36,1.0
29-1181.00,Audiologists,22,22,0,4.264545454545455,97.31318181818182,4.472761368863114,91.419201,4.155418227272727,30,1.0
29-1211.00,Anesthesiologists,18,16,2,4.318888888888889,91.81333333333333,5.1213942544644375,72.30314299999999,4.016841277777777,22,0.8888888888888888
29-1212.00,Cardiologists,25,0,0,,,,0.0,,31,0.0
29-1213.00,Dermatologists,18,16,2,4.286666666666666,91.38111111111111,5.144479206681236,71.630224,3.9794568888888886,20,0.8888888888888888
29-1214.00,Emergency Medicine Physicians,17,17,0,4.762941176470588,100.0,6.281970981686357,80.97,4.762941176470588,22,1.0
29-1215.00,Family Medicine Physicians,12,11,1,4.508333333333334,89.08083333333333,5.609680597226389,49.114661999999996,4.0928885,18,0.9166666666666666
29-1216.00,General Internal Medicine Physicians,19,16,3,4.106842105263158,87.01368421052632,5.293579004711632,69.111296,3.637436631578947,26,0.8421052631578947
29-1217.00,Neurologists,24,22,2,4.377916666666667,94.18041666666666,5.021574046487824,99.55743100000001,4.148226291666667,30,0.9166666666666666
29-1218.00,Obstetricians and Gynecologists,15,14,1,4.42,89.84400000000001,5.052903049695031,60.497843,4.033189533333333,21,0.9333333333333333
29-1221.00,"Pediatricians, General",17,13,4,4.201764705882353,78.97411764705882,5.131690049411728,59.663961,3.5096447647058824,26,0.7647058823529411
29-1222.00,"Physicians, Pathologists",19,14,5,4.099473684210526,79.38052631578948,4.418778440620895,63.271852,3.330097473684211,22,0.7368421052631579
29-1223.00,Psychiatrists,12,11,1,4.090833333333333,93.935,4.613572879354202,46.550444,3.8792036666666667,18,0.9166666666666666
29-1224.00,Radiologists,30,15,2,4.628235294117647,87.97529411764705,5.144023245281468,69.344694,4.079099647058824,37,0.5
29-1229.01,Allergists and Immunologists,16,14,2,4.4174999999999995,93.426875,5.369416962188607,66.870286,4.179392875,19,0.875
29-1229.02,Hospitalists,14,14,0,4.503571428571428,97.42857142857143,5.227283343094262,61.5832,4.3988,19,1.0
29-1229.03,Urologists,14,14,0,4.5928571428571425,97.90714285714286,4.941771527009929,63.071925,4.5051375,20,1.0
29-1229.04,Physical Medicine and Rehabilitation Physicians,15,15,0,4.3406666666666665,93.234,5.238223469592435,60.882363,4.0588242,17,1.0
29-1229.05,Preventive Medicine Physicians,15,15,0,4.066,96.842,3.5523993620831784,59.000968,3.9333978666666667,19,1.0
29-1229.06,Sports Medicine Physicians,27,26,1,3.854074074074074,94.62444444444445,4.188222951989778,99.072038,3.669334740740741,40,0.9629629629629629
29-1241.00,"Ophthalmologists, Except Pediatric",18,16,2,4.405555555555555,91.53666666666668,5.2239130895103525,73.955289,4.1086271666666665,21,0.8888888888888888
29-1242.00,"Orthopedic Surgeons, Except Pediatric",15,0,0,,,,0.0,,23,0.0
29-1243.00,Pediatric Surgeons,18,0,0,,,,0.0,,24,0.0
29-1291.00,Acupuncturists,18,18,0,4.434444444444444,95.97777777777777,5.96299898678749,77.072573,4.281809611111111,19,1.0
29-1292.00,Dental Hygienists,16,14,2,4.2875,88.12625,4.941218800485876,62.383663,3.8989789375,20,0.875
29-1299.01,Naturopathic Physicians,20,19,1,4.168,91.975,4.602334690138097,77.59365,3.8796825,24,0.95
29-1299.02,Orthoptists,16,16,0,4.27875,93.750625,4.891686573837039,64.654669,4.0409168125,18,1.0
29-2011.00,Medical and Clinical Laboratory Technologists,15,13,2,4.604666666666668,84.674,5.349836138222522,58.961206000000004,3.930747066666667,24,0.8666666666666667
29-2011.01,Cytogenetic Technologists,30,28,2,4.625333333333333,93.49266666666668,5.136154541892712,129.761723,4.325390766666667,35,0.9333333333333333
29-2011.02,Cytotechnologists,13,12,1,4.409230769230769,95.00461538461538,5.321464245627258,55.107256,4.239019692307692,17,0.9230769230769231
29-2011.04,Histotechnologists,16,15,1,4.271875,92.2625,5.027822351544536,63.738978,3.983686125,16,0.9375
29-2012.00,Medical and Clinical Laboratory Technicians,13,6,7,4.536153846153846,60.41230769230769,4.9280175587533295,35.765519,2.751193769230769,21,0.46153846153846156
29-2012.01,Histology Technicians,8,8,0,4.55,96.5,5.6252875,35.2368,4.4046,8,1.0
29-2031.00,Cardiovascular Technologists and Technicians,21,10,11,4.497619047619048,66.77904761904762,5.733843181594527,63.12484,3.005944761904762,33,0.47619047619047616
29-2032.00,Diagnostic Medical Sonographers,20,18,2,4.433,88.42,5.644714527837295,79.391766,3.9695883000000003,37,0.9
29-2033.00,Nuclear Medicine Technologists,17,14,3,4.554117647058824,84.23235294117647,5.361472456181183,66.172392,3.892493647058824,24,0.8235294117647058
29-2034.00,Radiologic Technologists and Technicians,30,27,0,4.567407407407408,92.21000000000001,6.00067566436909,113.74681100000001,4.212844851851852,38,0.9
29-2035.00,Magnetic Resonance Imaging Technologists,24,21,3,4.4425,88.75916666666666,5.418604621598422,95.514914,3.9797880833333337,29,0.875
29-2036.00,Medical Dosimetrists,19,16,3,4.165263157894737,85.9278947368421,4.508596715753282,69.225079,3.6434252105263156,46,0.8421052631578947
29-2042.00,Emergency Medical Technicians,12,0,0,,,,0.0,,15,0.0
29-2043.00,Paramedics,13,0,0,,,,0.0,,21,0.0
29-2051.00,Dietetic Technicians,13,10,3,4.229230769230769,78.5576923076923,4.159391865251901,43.252699,3.3271306923076924,21,0.7692307692307693
29-2052.00,Pharmacy Technicians,21,13,8,4.446666666666666,70.90523809523809,5.855581346861242,66.85485800000001,3.183564666666667,32,0.6190476190476191
29-2053.00,Psychiatric Technicians,16,12,4,4.24,79.203125,4.668846677017649,53.969213,3.3730758125,23,0.75
29-2055.00,Surgical Technologists,16,14,2,4.644375,86.790625,5.709480359870991,64.871372,4.05446075,23,0.875
29-2056.00,Veterinary Technologists and Technicians,31,30,1,4.352258064516128,94.22290322580645,4.90934717637945,127.91904,4.12642064516129,41,0.967741935483871
29-2057.00,Ophthalmic Medical Technicians,20,18,2,4.3625,91.2325,5.0517495065022455,81.621004,4.0810502,24,0.9
29-2061.00,Licensed Practical and Licensed Vocational Nurses,22,15,7,4.185,79.43272727272728,4.730220750374435,73.633812,3.3469914545454547,35,0.6818181818181818
29-2072.00,Medical Records Specialists,17,0,0,,,,0.0,,21,0.0
29-2081.00,"Opticians, Dispensing",21,21,0,4.458571428571428,95.77285714285715,5.616312506981055,89.780491,4.275261476190476,26,1.0
29-2091.00,Orthotists and Prosthetists,15,14,1,4.241333333333333,96.19066666666666,4.739079201202926,61.832054,4.1221369333333335,20,0.9333333333333333
29-2092.00,Hearing Aid Specialists,11,9,2,4.469090909090909,83.32636363636364,4.934753215427714,41.263898,3.7512634545454544,15,0.8181818181818182
29-2099.01,Neurodiagnostic Technologists,16,16,0,4.6425,96.77374999999999,5.219186197630237,71.892911,4.4933069375,23,1.0
29-2099.05,Ophthalmic Medical Technologists,31,29,2,4.204516129032259,91.53645161290324,5.060344528419134,120.00396,3.871095483870968,39,0.9354838709677419
29-2099.08,Patient Representatives,13,8,5,3.8576923076923078,74.70846153846153,4.31569552801434,38.401559999999996,2.9539661538461535,15,0.6153846153846154
29-9021.00,Health Information Technologists and Medical Registrars,16,0,0,,,,0.0,,23,0.0
29-9091.00,Athletic Trainers,23,20,3,3.866521739130435,90.05,4.173853803908582,81.124713,3.5271614347826086,35,0.8695652173913043
29-9092.00,Genetic Counselors,19,19,0,4.189473684210526,96.79578947368421,4.555820933478473,77.430832,4.0753069473684205,28,1.0
29-9093.00,Surgical Assistants,28,23,5,4.3525,80.23285714285714,4.949577995275887,98.961559,3.5343413928571428,36,0.8214285714285714
29-9099.01,Midwives,36,34,2,4.206388888888889,95.08111111111111,3.946350320713649,144.532306,4.014786277777778,48,0.9444444444444444
31-1121.00,Home Health Aides,15,11,4,3.953333333333333,76.62066666666666,4.393318267594182,45.944039000000004,3.0629359333333337,15,0.7333333333333333
31-1122.00,Personal Care Aides,11,8,3,4.337272727272727,81.1590909090909,4.821811790817027,38.902811,3.536619181818182,14,0.7272727272727273
31-1131.00,Nursing Assistants,33,26,7,4.266666666666667,78.1590909090909,5.06149340851154,110.994248,3.363462060606061,38,0.7878787878787878
31-1132.00,Orderlies,22,8,14,4.123181818181818,60.05227272727273,4.7589213086642985,56.110476,2.5504761818181816,27,0.36363636363636365
31-1133.00,Psychiatric Aides,17,15,2,4.208235294117648,85.20882352941176,5.022506571771552,61.097514,3.5939714117647057,25,0.8823529411764706
31-2011.00,Occupational Therapy Assistants,22,21,1,4.462727272727272,94.48363636363636,4.9936090779975455,93.34441799999999,4.24292809090909,31,0.9545454545454546
31-2012.00,Occupational Therapy Aides,15,12,3,4.003333333333333,78.128,4.971216989424702,47.515211,3.1676807333333334,24,0.8
31-2021.00,Physical Therapist Assistants,21,18,3,4.143809523809524,90.6252380952381,5.049221612738357,80.054638,3.812125619047619,31,0.8571428571428571
31-2022.00,Physical Therapist Aides,19,13,6,4.0063157894736845,76.97,5.295436372718083,59.421449,3.1274446842105266,23,0.6842105263157895
31-9011.00,Massage Therapists,14,13,1,3.965,92.85642857142857,4.886085535457426,52.281510000000004,3.734393571428572,17,0.9285714285714286
31-9091.00,Dental Assistants,16,14,2,4.30625,85.090625,5.178313895747458,59.117219,3.6948261875,22,0.875
31-9092.00,Medical Assistants,20,19,1,4.4079999999999995,86.29350000000001,5.375228349795633,76.574071,3.82870355,29,0.95
31-9093.00,Medical Equipment Preparers,15,11,4,4.469333333333333,79.91333333333334,5.074372064762188,54.190531,3.6127020666666665,20,0.7333333333333333
31-9094.00,Medical Transcriptionists,15,13,2,4.559333333333333,82.484,5.618404543965112,56.597524,3.7731682666666666,19,0.8666666666666667
31-9095.00,Pharmacy Aides,14,8,6,4.148571428571429,72.48428571428572,5.310053367331819,42.104233,3.007445214285714,19,0.5714285714285714
31-9096.00,Veterinary Assistants and Laboratory Animal Caretakers,28,26,2,4.205357142857143,85.04714285714286,4.915261337614757,100.892789,3.6033138928571424,36,0.9285714285714286
31-9097.00,Phlebotomists,23,17,6,4.449565217391305,79.09782608695652,5.281722061118602,81.812464,3.5570636521739134,29,0.7391304347826086
31-9099.01,Speech-Language Pathology Assistants,11,8,3,4.1499999999999995,82.08909090909091,4.517058318367765,39.053615,3.5503286363636364,14,0.7272727272727273
31-9099.02,Endoscopy Technicians,12,12,0,4.5675,93.88416666666667,5.03015537144722,51.47366,4.289471666666667,14,1.0
33-1011.00,First-Line Supervisors of Correctional Officers,23,23,0,4.301304347826087,93.52695652173912,4.54014254435418,92.730613,4.031765782608696,27,1.0
33-1012.00,First-Line Supervisors of Police and Detectives,20,17,3,3.864,81.76050000000001,3.2653724468952747,63.868077,3.19340385,26,0.85
33-1021.00,First-Line Supervisors of Firefighting and Prevention Workers,30,23,2,4.1196,84.5008,3.5078526128394873,87.57654,3.5030615999999997,48,0.7666666666666667
33-1091.00,First-Line Supervisors of Security Workers,21,19,2,4.4504761904761905,86.43380952380951,3.9750092670450643,80.996397,3.8569712857142857,39,0.9047619047619048
33-2011.00,Firefighters,30,27,0,4.357777777777778,95.61148148148149,3.3958563290876747,112.637194,4.171747925925926,37,0.9
33-2021.00,Fire Inspectors and Investigators,30,22,8,4.332333333333334,79.80466666666666,2.862539216646107,104.615345,3.487178166666667,37,0.7333333333333333
33-2022.00,Forest Fire Inspectors and Prevention Specialists,16,16,0,3.97875,93.74875,3.4450633575218212,59.908588,3.74428675,25,1.0
33-3011.00,Bailiffs,15,13,2,4.234,79.898,4.061372422345791,50.839137,3.3892758,20,0.8666666666666667
33-3012.00,Correctional Officers and Jailers,27,21,6,4.1866666666666665,81.7274074074074,4.690626017638334,92.661501,3.4319074444444446,33,0.7777777777777778
33-3021.00,Detectives and Criminal Investigators,30,30,0,4.36,93.87133333333333,3.485602878591695,122.861743,4.095391433333334,39,1.0
33-3021.02,Police Identification and Records Officers,16,14,2,4.103125,81.901875,3.4014204047382663,54.118971,3.3824356875,19,0.875
33-3021.06,Intelligence Analysts,21,15,6,3.8738095238095234,81.98761904761905,3.6938506006337444,68.144683,3.2449849047619046,25,0.7142857142857143
33-3031.00,Fish and Game Wardens,24,20,4,3.8266666666666667,86.29166666666667,2.8166666677112917,81.308933,3.387872208333333,28,0.8333333333333334
33-3041.00,Parking Enforcement Workers,22,16,6,3.929090909090909,78.7159090909091,4.129723770815874,68.737981,3.124453681818182,27,0.7272727272727273
33-3051.00,Police and Sheriff's Patrol Officers,30,28,2,4.119666666666666,89.00733333333334,4.329054703813147,110.493525,3.6831175000000003,41,0.9333333333333333
33-3051.04,Customs and Border Protection Officers,11,10,1,4.234545454545454,84.47454545454546,3.959908094822535,40.135858,3.6487143636363637,14,0.9090909090909091
33-3052.00,Transit and Railroad Police,12,10,2,3.9508333333333336,79.55083333333333,4.036859764279181,38.123574,3.1769645,15,0.8333333333333334
33-9011.00,Animal Control Workers,16,15,1,4.380625,91.37375,4.579362387667327,64.77793700000001,4.0486210625000005,23,0.9375
33-9021.00,Private Detectives and Investigators,14,10,4,4.187142857142857,72.825,3.3390274491171317,43.31591,3.093993571428572,16,0.7142857142857143
33-9031.00,Gambling Surveillance Officers and Gambling Investigators,8,8,0,4.6075,94.845,5.9830710707614605,35.055731,4.381966375,15,1.0
33-9032.00,Security Guards,14,13,1,4.406428571428571,86.41285714285713,4.603685338056282,54.276675000000004,3.8769053571428573,18,0.9285714285714286
33-9091.00,Crossing Guards and Flaggers,12,7,5,4.285833333333334,69.36416666666666,4.218056094010949,36.514985,3.0429154166666668,15,0.5833333333333334
33-9092.00,"Lifeguards, Ski Patrol, and Other Recreational Protective Service Workers",15,10,5,4.101333333333333,80.50133333333333,4.287044169367334,50.818436,3.387895733333333,17,0.6666666666666666
33-9093.00,Transportation Security Screeners,26,24,2,4.3076923076923075,84.31461538461538,5.091199187907261,94.421888,3.6316110769230767,29,0.9230769230769231
33-9094.00,School Bus Monitors,18,0,0,,,,0.0,,22,0.0
33-9099.02,Retail Loss Prevention Specialists,21,20,1,4.3100000000000005,93.49190476190476,3.839299484612203,84.96901199999999,4.046143428571428,22,0.9523809523809523
35-1011.00,Chefs and Head Cooks,21,21,0,3.985238095238095,97.81761904761905,4.490326266024072,81.940939,3.901949476190476,23,1.0
35-1012.00,First-Line Supervisors of Food Preparation and Serving Workers,26,14,12,4.010769230769231,70.84423076923078,5.090039128905622,73.635679,2.8321414999999996,30,0.5384615384615384
35-2011.00,"Cooks, Fast Food",19,19,0,4.5405263157894735,95.14999999999999,6.115808885635457,82.127539,4.322502052631579,21,1.0
35-2012.00,"Cooks, Institution and Cafeteria",17,12,5,4.3623529411764705,76.22529411764705,4.672791519700621,57.144529999999996,3.3614429411764704,23,0.7058823529411765
35-2013.00,"Cooks, Private Household",13,12,1,4.083846153846154,95.1,3.998071474647484,51.27304,3.94408,16,0.9230769230769231
35-2014.00,"Cooks, Restaurant",20,14,6,4.257,79.7165,5.17378695141342,69.023937,3.45119685,25,0.7
35-2015.00,"Cooks, Short Order",11,8,3,4.344545454545455,79.11999999999999,5.666314319699507,38.71585,3.5196227272727274,17,0.7272727272727273
35-2021.00,Food Preparation Workers,31,24,7,4.230645161290322,80.4874193548387,5.146007537958398,105.764212,3.4117487741935486,40,0.7741935483870968
35-3011.00,Bartenders,20,16,4,4.277,85.589,5.133476372752314,74.527127,3.7263563499999997,21,0.8
35-3023.00,Fast Food and Counter Workers,27,17,10,4.062592592592592,73.33185185185185,5.467593699802413,80.848683,2.9943956666666662,36,0.6296296296296297
35-3023.01,Baristas,19,19,0,4.092631578947368,92.35578947368421,5.702284517583846,72.104533,3.794975421052632,25,1.0
35-3031.00,Waiters and Waitresses,25,22,3,4.341600000000001,87.5184,5.93807093335759,95.790458,3.83161832,29,0.88
35-3041.00,"Food Servers, Nonrestaurant",14,13,1,4.506428571428572,88.53785714285713,5.6331247418106045,56.010988,4.000784857142857,15,0.9285714285714286
35-9011.00,Dining Room and Cafeteria Attendants and Bartender Helpers,23,16,7,4.17,76.00652173913043,5.720503953481518,74.175429,3.2250186521739126,29,0.6956521739130435
35-9021.00,Dishwashers,13,10,3,3.873076923076923,80.17999999999999,4.975544538514682,40.972439,3.151726076923077,14,0.7692307692307693
35-9031.00,"Hosts and Hostesses, Restaurant, Lounge, and Coffee Shop",20,13,7,4.093,73.4545,5.579938928548089,61.704587,3.0852293499999996,24,0.65
37-1011.00,First-Line Supervisors of Housekeeping and Janitorial Workers,26,23,3,4.137307692307692,80.21423076923078,4.294177277846364,86.55583899999999,3.3290707307692307,28,0.8846153846153846
37-1012.00,"First-Line Supervisors of Landscaping, Lawn Service, and Groundskeeping Workers",28,27,1,3.858571428571429,91.74,4.236554320280471,99.166187,3.5416495357142854,32,0.9642857142857143
37-2011.00,"Janitors and Cleaners, Except Maids and Housekeeping Cleaners",21,12,9,3.6966666666666663,68.64619047619047,3.7872459486929833,54.752425,2.6072583333333332,27,0.5714285714285714
37-2012.00,Maids and Housekeeping Cleaners,20,9,11,3.9939999999999998,65.285,4.903366435699864,53.071611999999995,2.6535805999999997,27,0.45
37-2021.00,Pest Control Workers,13,9,4,3.896153846153846,74.06076923076922,4.356608891195704,38.064185,2.928014230769231,14,0.6923076923076923
37-3011.00,Landscaping and Groundskeeping Workers,26,14,12,3.5384615384615383,70.73038461538462,3.5400342678129966,65.973409,2.537438807692308,35,0.5384615384615384
37-3012.00,"Pesticide Handlers, Sprayers, and Applicators, Vegetation",10,8,2,4.029,84.85,4.6423638116953505,34.797443,3.4797443,12,0.8
37-3013.00,Tree Trimmers and Pruners,24,15,9,3.813333333333333,69.73541666666667,4.07043520344587,66.037327,2.751555291666667,31,0.625
39-1013.00,First-Line Supervisors of Gambling Services Workers,30,22,6,4.26,83.05892857142858,5.1939302748303025,100.543953,3.5908554642857142,40,0.7333333333333333
39-1014.00,"First-Line Supervisors of Entertainment and Recreation Workers, Except Gambling Services",19,0,0,,,,0.0,,23,0.0
39-1022.00,First-Line Supervisors of Personal Service Workers,17,16,1,4.08,90.02764705882353,3.790476682480708,62.694679,3.687922294117647,19,0.9411764705882353
39-2011.00,Animal Trainers,15,10,5,4.217333333333333,66.61999999999999,4.701930582258797,42.249907,2.816660466666667,17,0.6666666666666666
39-2021.00,Animal Caretakers,22,11,11,4.084090909090909,63.691818181818185,4.662129717584135,58.426879,2.6557672272727273,29,0.5
39-3011.00,Gambling Dealers,21,16,5,4.567142857142857,80.55857142857143,5.883344526298397,78.119557,3.7199789047619047,23,0.7619047619047619
39-3012.00,Gambling and Sports Book Writers and Runners,18,4,14,4.351111111111111,52.64555555555555,5.87553063934875,41.349284,2.297182444444444,21,0.2222222222222222
39-3021.00,Motion Picture Projectionists,17,11,6,4.003529411764706,71.64647058823529,3.991027933098338,49.194250000000004,2.893779411764706,19,0.6470588235294118
39-3031.00,"Ushers, Lobby Attendants, and Ticket Takers",23,12,11,3.8317391304347823,64.79304347826087,4.617726785924312,57.447031,2.497697,26,0.5217391304347826
39-3091.00,Amusement and Recreation Attendants,17,7,10,3.5011764705882356,59.572941176470586,4.567017791282237,36.572371000000004,2.151315941176471,23,0.4117647058823529
39-3092.00,Costume Attendants,21,15,6,3.552380952380952,72.67333333333333,3.3354103508913417,55.024,2.6201904761904764,25,0.7142857142857143
39-3093.00,"Locker Room, Coatroom, and Dressing Room Attendants",23,8,15,3.9460869565217394,60.09478260869565,4.705497052156623,55.384153,2.408006652173913,25,0.34782608695652173
39-4011.00,Embalmers,26,24,2,4.3769230769230765,90.8673076923077,3.907177086798837,104.78598,4.0302299999999995,32,0.9230769230769231
39-4012.00,Crematory Operators,12,0,0,,,,0.0,,17,0.0
39-4021.00,Funeral Attendants,24,16,8,4.211666666666667,70.24208333333333,3.834852267814066,70.371449,2.9321437083333333,28,0.6666666666666666
39-4031.00,"Morticians, Undertakers, and Funeral Arrangers",22,22,0,4.278181818181818,93.95136363636362,3.916336977708279,88.50143200000001,4.022792363636364,27,1.0
39-5011.00,Barbers,18,14,4,3.928333333333333,80.11388888888888,4.726928443488279,58.731671,3.262870611111111,22,0.7777777777777778
39-5012.00,"Hairdressers, Hairstylists, and Cosmetologists",22,15,7,4.137272727272727,78.01863636363636,4.905667918154005,72.56493,3.2984059090909095,30,0.6818181818181818
39-5091.00,"Makeup Artists, Theatrical and Performance",22,20,2,4.29,88.68045454545455,4.4100708934155275,84.81411,3.855186818181818,24,0.9090909090909091
39-5092.00,Manicurists and Pedicurists,18,18,0,4.147777777777778,91.40277777777777,5.807136367866364,68.58973399999999,3.8105407777777773,21,1.0
39-5093.00,Shampooers,4,3,1,4.5600000000000005,79.1125,4.437742773832928,14.493476999999999,3.6233692499999997,5,0.75
39-5094.00,Skincare Specialists,18,15,3,4.372777777777778,89.18777777777778,5.074334056568785,71.424015,3.968000833333333,21,0.8333333333333334
39-6011.00,Baggage Porters and Bellhops,17,10,7,4.128823529411765,74.9535294117647,4.924171584114951,53.907177999999995,3.171010470588235,19,0.5882352941176471
39-6012.00,Concierges,18,16,2,3.851111111111111,87.87833333333333,3.9381847399896808,61.317415,3.4065230555555552,23,0.8888888888888888
39-7011.00,Tour Guides and Escorts,19,7,12,3.9489473684210528,58.7321052631579,4.3609654131189695,45.32725,2.385644736842105,24,0.3684210526315789
39-7012.00,Travel Guides,17,8,9,4.219411764705883,64.4835294117647,4.0866055245327635,46.172998,2.716058705882353,20,0.47058823529411764
39-9011.00,Childcare Workers,24,19,5,4.14375,78.65083333333332,5.108086466495532,78.819867,3.2841611250000002,27,0.7916666666666666
39-9011.01,Nannies,19,18,1,4.379473684210526,97.89473684210526,4.900069299385851,81.5984,4.2946526315789475,22,0.9473684210526315
39-9031.00,Exercise Trainers and Group Fitness Instructors,20,14,6,3.925,79.2855,4.464084120095841,65.180355,3.2590177500000004,28,0.7
39-9032.00,Recreation Workers,24,18,6,3.9479166666666665,76.7625,3.8313748043088727,72.966674,3.0402780833333334,31,0.75
39-9041.00,Residential Advisors,30,20,10,3.826,74.77066666666666,3.83152983183949,86.81182,2.893727333333333,35,0.6666666666666666
41-1011.00,First-Line Supervisors of Retail Sales Workers,21,16,5,4.189047619047619,81.6252380952381,4.60288555635629,72.033642,3.4301734285714285,30,0.7619047619047619
41-1012.00,First-Line Supervisors of Non-Retail Sales Workers,18,9,9,3.869444444444444,65.87777777777778,4.108683745707743,46.051262,2.5584034444444446,24,0.5
41-2011.00,Cashiers,28,12,16,4.351071428571428,65.97714285714285,5.383776141104761,80.836161,2.88700575,36,0.42857142857142855
41-2012.00,Gambling Change Persons and Booth Cashiers,13,6,7,4.5976923076923075,72.30153846153846,5.751761974476542,43.586985999999996,3.3528450769230767,17,0.46153846153846156
41-2021.00,Counter and Rental Clerks,16,15,1,4.175625,80.68,5.644859986702537,54.487844,3.40549025,23,0.9375
41-2022.00,Parts Salespersons,19,19,0,4.196315789473684,91.28684210526316,5.283930808995466,73.323586,3.859136105263158,24,1.0
41-2031.00,Retail Salespersons,24,14,10,4.190833333333333,71.34708333333333,5.266080238238969,73.057857,3.044077375,29,0.5833333333333334
41-3011.00,Advertising Sales Agents,20,19,1,4.1615,91.8895,4.689829289900684,77.188277,3.85941385,31,0.95
41-3021.00,Insurance Sales Agents,19,14,5,3.9499999999999997,74.94684210526316,4.164874673985531,57.073175,3.0038513157894737,26,0.7368421052631579
41-3031.00,"Securities, Commodities, and Financial Services Sales Agents",30,22,4,4.191923076923077,81.99923076923076,5.0124244022618205,89.81557,3.4544449999999998,39,0.7333333333333333
41-3041.00,Travel Agents,8,8,0,4.445,96.6725,5.265360345853228,34.397931,4.299741375,8,1.0
41-3091.00,"Sales Representatives of Services, Except Advertising, Insurance, Financial Services, and Travel",15,0,0,,,,0.0,,19,0.0
41-4011.00,"Sales Representatives, Wholesale and Manufacturing, Technical and Scientific Products",33,21,12,3.758787878787879,71.42272727272727,4.1150099197223025,89.514053,2.712547060606061,39,0.6363636363636364
41-4011.07,Solar Sales Representatives and Assessors,13,13,0,4.323846153846154,91.00923076923078,4.6749420140275735,51.40618,3.954321538461538,16,1.0
41-4012.00,"Sales Representatives, Wholesale and Manufacturing, Except Technical and Scientific Products",18,10,8,4.122222222222223,73.40388888888889,4.832354593991067,54.648502,3.036027888888889,29,0.5555555555555556
41-9011.00,Demonstrators and Product Promoters,21,15,6,4.055238095238095,71.55904761904762,4.558113380502753,62.18707199999999,2.9612891428571424,25,0.7142857142857143
41-9012.00,Models,10,1,9,3.6149999999999998,48.544,3.548081084454811,18.243378,1.8243378,12,0.1
41-9021.00,Real Estate Brokers,17,13,4,3.927058823529412,81.55588235294118,3.7550437640027905,54.815484,3.2244402352941175,19,0.7647058823529411
41-9022.00,Real Estate Sales Agents,33,23,10,3.8621212121212123,82.49636363636364,3.903878067125932,109.542705,3.319475909090909,37,0.696969696969697
41-9031.00,Sales Engineers,25,19,6,3.8244,75.5672,3.3785032833609927,73.40561,2.9362244,31,0.76
41-9041.00,Telemarketers,12,8,4,4.3275,76.20833333333333,5.6739819760195696,40.377479,3.3647899166666666,13,0.6666666666666666
41-9091.00,"Door-to-Door Sales Workers, News and Street Vendors, and Related Workers",12,11,1,3.9958333333333336,87.84750000000001,4.146580583030806,42.711433,3.5592860833333333,16,0.9166666666666666
43-1011.00,First-Line Supervisors of Office and Administrative Support Workers,28,19,9,3.7764285714285712,75.82392857142858,3.476176744456232,81.985606,2.9280573571428574,31,0.6785714285714286
43-2011.00,"Switchboard Operators, Including Answering Service",19,12,7,4.269473684210527,70.56368421052632,5.338911025611637,57.672513,3.0353954210526317,24,0.631578947368421
43-2021.00,Telephone Operators,14,7,7,4.097857142857142,60.71357142857143,5.134319862192056,35.281088,2.5200777142857143,17,0.5
43-3011.00,Bill and Account Collectors,15,13,2,4.1546666666666665,86.72866666666667,5.005108168062281,54.538777,3.635918466666667,18,0.8666666666666667
43-3021.00,Billing and Posting Clerks,28,12,11,4.180434782608696,65.63956521739131,4.4482770046049005,63.552096,2.763134608695652,34,0.42857142857142855
43-3031.00,"Bookkeeping, Accounting, and Auditing Clerks",28,13,15,4.2942857142857145,64.5425,4.450001751381849,78.063377,2.78797775,32,0.4642857142857143
43-3041.00,Gambling Cage Workers,17,12,5,4.635882352941176,80.79823529411765,5.618248517280897,63.953925,3.761995588235294,18,0.7058823529411765
43-3051.00,Payroll and Timekeeping Clerks,21,15,6,4.3376190476190475,75.65190476190476,3.5285337098867524,69.57778,3.3132276190476193,26,0.7142857142857143
43-3061.00,Procurement Clerks,19,16,3,4.123684210526316,83.48526315789474,4.468089276253838,65.849678,3.4657725263157895,24,0.8421052631578947
43-3071.00,Tellers,28,19,9,4.275714285714286,76.36857142857143,4.991047658037191,93.84645400000001,3.3516590714285717,37,0.6785714285714286
43-4011.00,Brokerage Clerks,10,5,5,3.9850000000000003,62.011,4.808510670226507,25.027456,2.5027456,13,0.5
43-4021.00,Correspondence Clerks,17,7,10,3.725882352941176,65.38882352941175,4.282194493242239,41.688231,2.4522488823529414,20,0.4117647058823529
43-4031.00,"Court, Municipal, and License Clerks",30,25,2,4.368888888888889,81.09629629629629,4.504164972506576,95.85038,3.550014074074074,37,0.8333333333333334
43-4041.00,"Credit Authorizers, Checkers, and Clerks",16,4,7,3.9545454545454546,61.89545454545455,4.527008221188446,27.737769,2.521615363636364,18,0.25
43-4051.00,Customer Service Representatives,13,7,6,4.053846153846154,67.59538461538462,4.852212299586046,36.173821,2.782601615384615,16,0.5384615384615384
43-4061.00,"Eligibility Interviewers, Government Programs",17,9,8,4.205294117647059,69.24352941176471,4.338728434846813,50.383894,2.9637584705882354,17,0.5294117647058824
43-4071.00,File Clerks,19,12,7,3.966315789473684,73.74894736842106,4.5993418896918925,56.176261000000004,2.956645315789474,22,0.631578947368421
43-4081.00,"Hotel, Motel, and Resort Desk Clerks",20,19,1,4.441,89.80449999999999,5.46894540522095,80.274004,4.013700200000001,24,0.95
43-4111.00,"Interviewers, Except Eligibility and Loan",16,12,4,4.06125,76.288125,5.039218069528618,49.719051,3.1074406875,19,0.75
43-4121.00,"Library Assistants, Clerical",32,25,7,3.8578125,77.878125,4.256463989215667,96.760073,3.02375228125,42,0.78125
43-4131.00,Loan Interviewers and Clerks,18,14,4,4.349444444444445,79.50555555555555,4.720672883859328,62.621274,3.4789596666666665,21,0.7777777777777778
43-4141.00,New Accounts Clerks,15,10,5,4.082666666666666,77.24933333333334,4.399313489556478,48.502572,3.2335048,19,0.6666666666666666
43-4151.00,Order Clerks,19,11,8,4.126315789473685,68.35157894736842,4.8778788623399265,53.768947,2.829944578947368,22,0.5789473684210527
43-4161.00,"Human Resources Assistants, Except Payroll and Timekeeping",19,10,9,3.7263157894736842,68.50631578947367,3.936912511325809,48.762513,2.566448052631579,19,0.5263157894736842
43-4171.00,Receptionists and Information Clerks,18,11,7,3.9883333333333337,69.14777777777778,5.160982210611267,50.749022000000004,2.8193901111111113,22,0.6111111111111112
43-4181.00,Reservation and Transportation Ticket Agents and Travel Clerks,21,14,7,4.259047619047619,71.39571428571428,5.643435222750496,65.46169,3.1172233333333335,24,0.6666666666666666
43-5011.00,Cargo and Freight Agents,24,9,15,3.171666666666667,62.88625,3.945254313845634,48.723489,2.030145375,28,0.375
43-5011.01,Freight Forwarders,31,23,8,4.2945161290322575,77.40709677419355,5.424517828547824,103.017256,3.3231372903225807,31,0.7419354838709677
43-5021.00,Couriers and Messengers,15,12,3,4.294666666666667,79.574,5.060952214877989,51.702334,3.4468222666666666,16,0.8
43-5031.00,Public Safety Telecommunicators,18,16,2,4.562777777777778,88.74,5.6889439133963275,73.109476,4.0616375555555555,23,0.8888888888888888
43-5032.00,"Dispatchers, Except Police, Fire, and Ambulance",12,10,2,4.355833333333334,79.05916666666667,5.572086505133366,41.645952,3.4704960000000002,13,0.8333333333333334
43-5041.00,"Meter Readers, Utilities",12,11,1,4.058333333333334,83.40583333333333,4.193242491598259,40.875313999999996,3.4062761666666663,14,0.9166666666666666
43-5051.00,Postal Service Clerks,19,6,13,4.278421052631579,63.823684210526324,5.26856360200211,52.282861000000004,2.7517295263157897,23,0.3157894736842105
43-5052.00,Postal Service Mail Carriers,21,17,4,4.247142857142857,87.46285714285715,4.363231824809182,78.331489,3.730070904761905,25,0.8095238095238095
43-5053.00,"Postal Service Mail Sorters, Processors, and Processing Machine Operators",14,3,11,4.217142857142857,48.58571428571429,4.834231441794743,28.893304,2.0638074285714287,16,0.21428571428571427
43-5061.00,"Production, Planning, and Expediting Clerks",17,9,8,3.7570588235294116,65.12235294117647,4.312508469204732,42.321028,2.4894722352941177,21,0.5294117647058824
43-5071.00,"Shipping, Receiving, and Inventory Clerks",11,10,1,3.919090909090909,74.15090909090908,4.701130395755577,32.157554,2.9234139999999997,12,0.9090909090909091
43-5111.00,"Weighers, Measurers, Checkers, and Samplers, Recordkeeping",18,7,11,4.027222222222222,62.29555555555555,5.208051077117348,45.4537,2.5252055555555555,21,0.3888888888888889
43-6011.00,Executive Secretaries and Executive Administrative Assistants,22,15,7,3.8595454545454544,74.64999999999999,3.97733757500825,63.723924,2.8965419999999997,32,0.6818181818181818
43-6012.00,Legal Secretaries and Administrative Assistants,14,10,4,3.9692857142857143,74.58714285714287,4.548460888488823,42.067725,3.0048375000000003,16,0.7142857142857143
43-6013.00,Medical Secretaries and Administrative Assistants,15,11,4,4.354,75.61466666666666,5.6856299924566995,49.753499,3.316899933333333,21,0.7333333333333333
43-6014.00,"Secretaries and Administrative Assistants, Except Legal, Medical, and Executive",31,20,11,3.7761290322580647,72.94709677419355,4.185252555478386,86.017267,2.774750548387097,43,0.6451612903225806
43-9021.00,Data Entry Keyers,9,5,4,4.275555555555555,75.48333333333333,5.412476543410654,29.513354,3.2792615555555553,11,0.5555555555555556
43-9022.00,Word Processors and Typists,19,17,2,3.91421052631579,84.50421052631579,4.685879744796061,63.121232,3.322170105263158,25,0.8947368421052632
43-9031.00,Desktop Publishers,18,13,5,4.098888888888889,74.3138888888889,5.0087837908621715,55.797392,3.0998551111111112,20,0.7222222222222222
43-9041.00,Insurance Claims and Policy Processing Clerks,25,15,6,4.281428571428571,74.64666666666666,5.167111492632591,67.622427,3.2201155714285714,28,0.6
43-9051.00,"Mail Clerks and Mail Machine Operators, Except Postal Service",26,8,18,3.981923076923077,55.45730769230769,4.983804577998507,58.061578,2.2331376153846154,29,0.3076923076923077
43-9061.00,"Office Clerks, General",20,12,8,3.7920000000000003,71.62,4.381570201960093,54.899887,2.74499435,28,0.6
43-9071.00,"Office Machine Operators, Except Computer",18,16,2,3.993333333333333,81.65277777777777,5.11907568945462,59.681475999999996,3.3156375555555555,25,0.8888888888888888
43-9081.00,Proofreaders and Copy Markers,11,9,2,4.180909090909091,80.63909090909091,4.956005292101417,37.564139,3.414921727272727,12,0.8181818181818182
43-9111.00,Statistical Assistants,14,9,5,4.1850000000000005,74.61142857142856,3.7935757524884006,43.936457000000004,3.1383183571428575,15,0.6428571428571429
45-1011.00,"First-Line Supervisors of Farming, Fishing, and Forestry Workers",30,27,0,3.924074074074074,88.49851851851852,4.102504045891559,94.306489,3.492832925925926,31,0.9
45-2011.00,Agricultural Inspectors,16,2,14,4.264375,48.215625,4.628531734325192,33.178026,2.073626625,20,0.125
45-2021.00,Animal Breeders,21,9,12,3.9780952380952384,60.857619047619046,3.0499429735168584,52.286789,2.4898470952380953,28,0.42857142857142855
45-2041.00,"Graders and Sorters, Agricultural Products",5,4,1,4.434,79.6,5.906058171702346,17.713395000000002,3.5426790000000006,6,0.8
45-2091.00,Agricultural Equipment Operators,17,8,9,4.152352941176471,64.75470588235294,4.765391680532004,45.921397999999996,2.7012587058823527,22,0.47058823529411764
45-2092.00,"Farmworkers and Laborers, Crop, Nursery, and Greenhouse",27,12,14,3.6076923076923078,60.689230769230775,3.927161439512538,57.423629,2.2086011153846155,31,0.4444444444444444
45-2093.00,"Farmworkers, Farm, Ranch, and Aquacultural Animals",19,10,9,4.072631578947369,69.9042105263158,3.630886124334545,54.237067,2.8545824736842107,19,0.5263157894736842
45-3031.00,Fishing and Hunting Workers,29,12,17,4.200344827586207,61.051034482758624,4.518241482860957,74.167165,2.557488448275862,31,0.41379310344827586
45-4011.00,Forest and Conservation Workers,17,4,13,3.3182352941176467,54.188235294117646,2.9061649917091206,31.87387,1.8749335294117646,21,0.23529411764705882
45-4021.00,Fallers,18,13,5,4.198333333333334,82.89055555555555,5.329106393748683,63.821830999999996,3.5456572777777775,22,0.7222222222222222
45-4022.00,Logging Equipment Operators,9,7,2,3.968888888888889,78.44666666666666,5.018155481296443,28.324453000000002,3.1471614444444445,11,0.7777777777777778
45-4023.00,Log Graders and Scalers,12,6,6,4.275833333333334,64.65083333333332,5.374637255441122,33.657649,2.8048040833333334,13,0.5
47-1011.00,First-Line Supervisors of Construction Trades and Extraction Workers,15,15,0,4.024666666666667,95.12466666666666,4.559997246356161,57.521938,3.8347958666666666,20,1.0
47-1011.03,Solar Energy Installation Managers,15,13,2,3.8666666666666667,85.71933333333332,3.862984313727443,49.923727,3.3282484666666665,17,0.8666666666666667
47-2011.00,Boilermakers,18,16,2,3.6205555555555557,80.82166666666666,3.0081522049976885,52.893467,2.9385259444444447,22,0.8888888888888888
47-2021.00,Brickmasons and Blockmasons,14,12,2,3.937857142857143,89.02785714285713,4.5640037940971805,49.795125999999996,3.556794714285714,18,0.8571428571428571
47-2022.00,Stonemasons,16,15,1,3.92875,85.894375,3.5191786704073493,54.837077,3.4273173125,22,0.9375
47-2031.00,Carpenters,29,16,13,3.8075862068965516,70.00586206896551,4.07689882671716,79.235239,2.7322496206896556,40,0.5517241379310345
47-2041.00,Carpet Installers,16,16,0,4.160625,94.120625,4.444192116920859,62.83388,3.9271175,24,1.0
47-2042.00,"Floor Layers, Except Carpet, Wood, and Hard Tiles",14,13,1,3.919285714285714,88.86642857142856,4.212457380221289,48.941057,3.495789785714286,17,0.9285714285714286
47-2043.00,Floor Sanders and Finishers,7,7,0,4.3757142857142854,98.85142857142857,4.8207723986684385,30.330497,4.332928142857143,8,1.0
47-2044.00,Tile and Stone Setters,25,19,6,4.0856,82.2688,4.265593185858695,85.092255,3.4036901999999998,40,0.76
47-2051.00,Cement Masons and Concrete Finishers,26,19,7,3.506153846153846,76.86999999999999,3.8692257100762593,71.649456,2.7557483076923077,39,0.7307692307692307
47-2053.00,Terrazzo Workers and Finishers,26,18,8,3.7911538461538465,79.07538461538462,3.669473063527558,80.636174,3.1013913076923076,40,0.6923076923076923
47-2061.00,Construction Laborers,27,8,19,3.6237037037037036,55.64888888888889,3.8022379558402313,55.408122,2.0521526666666667,39,0.2962962962962963
47-2071.00,"Paving, Surfacing, and Tamping Equipment Operators",20,14,6,3.6915,74.20750000000001,4.375085551972956,55.35321,2.7676605,30,0.7
47-2072.00,Pile Driver Operators,5,5,0,4.516,97.92999999999999,5.211603612361236,22.100626,4.420125199999999,7,1.0
47-2073.00,Operating Engineers and Other Construction Equipment Operators,26,18,8,4.098076923076923,75.92769230769231,4.2005544075497365,82.209176,3.1618913846153847,29,0.6923076923076923
47-2081.00,Drywall and Ceiling Tile Installers,26,22,4,3.566153846153846,81.29307692307692,4.012533523092406,76.762984,2.9524224615384616,34,0.8461538461538461
47-2082.00,Tapers,16,16,0,4.016875,94.646875,4.871559273060592,61.037749,3.8148593125,16,1.0
47-2111.00,Electricians,21,20,1,4.097619047619047,92.97857142857143,4.42355867664092,80.343343,3.8258734761904765,26,0.9523809523809523
47-2121.00,Glaziers,27,22,5,3.8777777777777778,81.92629629629629,3.8132975381526872,86.98524,3.2216755555555556,39,0.8148148148148148
47-2131.00,"Insulation Workers, Floor, Ceiling, and Wall",10,10,0,3.754,84.46900000000001,4.48844600865756,31.889263,3.1889263,14,1.0
47-2132.00,"Insulation Workers, Mechanical",9,9,0,4.32,95.58777777777777,4.933182351568489,37.201615000000004,4.133512777777778,12,1.0
47-2141.00,"Painters, Construction and Maintenance",17,15,2,3.7347058823529413,85.09529411764707,3.9063146059790284,55.245488,3.2497345882352944,21,0.8823529411764706
47-2142.00,Paperhangers,20,17,3,4.074,77.949,4.4291245553115255,64.195934,3.2097966999999996,25,0.85
47-2151.00,Pipelayers,14,14,0,4.113571428571428,87.7957142857143,4.590229906850513,50.733858,3.623847,19,1.0
47-2152.00,"Plumbers, Pipefitters, and Steamfitters",30,24,6,3.7613333333333334,83.83933333333333,4.038777859426145,95.8406,3.1946866666666667,38,0.8
47-2152.04,Solar Thermal Installers and Technicians,21,20,1,4.198095238095238,84.58809523809524,3.544972732246394,74.690409,3.556686142857143,26,0.9523809523809523
47-2161.00,Plasterers and Stucco Masons,15,11,4,3.948,80.27066666666666,4.072958489696118,47.814001000000005,3.187600066666667,18,0.7333333333333333
47-2171.00,Reinforcing Iron and Rebar Workers,7,7,0,4.022857142857143,97.61571428571428,5.100655445291674,27.557131000000002,3.9367330000000003,10,1.0
47-2181.00,Roofers,27,22,5,3.8714814814814815,81.03407407407407,3.294152199691855,85.591788,3.170066222222222,31,0.8148148148148148
47-2211.00,Sheet Metal Workers,19,13,6,3.82,80.26263157894736,3.807300532021953,58.598034,3.084107052631579,24,0.6842105263157895
47-2221.00,Structural Iron and Steel Workers,19,15,4,3.9457894736842105,81.87052631578948,4.388125778326942,63.150666,3.3237192631578947,24,0.7894736842105263
47-2231.00,Solar Photovoltaic Installers,26,25,1,4.242692307692308,93.41269230769231,4.340355447734709,103.316325,3.973704807692308,29,0.9615384615384616
47-3011.00,"Helpers--Brickmasons, Blockmasons, Stonemasons, and Tile and Marble Setters",15,15,0,3.9833333333333334,88.44533333333334,4.821983454588234,53.050765,3.5367176666666666,17,1.0
47-3012.00,Helpers--Carpenters,18,16,2,3.6566666666666663,86.01666666666667,3.801577585662118,57.227834,3.1793241111111112,26,0.8888888888888888
47-3013.00,Helpers--Electricians,25,18,7,3.6608,81.1696,4.000814959056769,76.125571,3.0450228399999997,34,0.72
47-3014.00,"Helpers--Painters, Paperhangers, Plasterers, and Stucco Masons",11,6,5,3.53,66.43454545454546,4.3896709826492115,26.963447,2.4512224545454546,12,0.5454545454545454
47-3015.00,"Helpers--Pipelayers, Plumbers, Pipefitters, and Steamfitters",15,11,4,3.7386666666666666,80.97733333333333,4.091489246648492,45.664337,3.0442891333333337,24,0.7333333333333333
47-3016.00,Helpers--Roofers,18,18,0,3.9838888888888895,88.50944444444445,4.420160030394088,63.714445,3.5396913888888886,21,1.0
47-4011.00,Construction and Building Inspectors,19,11,8,3.5678947368421055,71.14894736842105,3.9816767979263994,50.677131,2.667217421052632,26,0.5789473684210527
47-4011.01,Energy Auditors,21,20,1,3.965238095238095,91.86571428571429,3.955147268592677,77.099946,3.6714260000000003,23,0.9523809523809523
47-4021.00,Elevator and Escalator Installers and Repairers,20,16,4,4.3185,82.471,3.501737668608977,71.635876,3.5817938,28,0.8
47-4031.00,Fence Erectors,20,19,1,4.0375,92.57000000000001,4.69206764899409,75.078773,3.75393865,24,0.95
47-4041.00,Hazardous Materials Removal Workers,21,10,11,4.027142857142858,63.49428571428571,4.145416025457787,54.217886,2.581804095238095,23,0.47619047619047616
47-4051.00,Highway Maintenance Workers,19,12,7,3.896315789473684,67.97105263157896,3.378613468102973,51.790669,2.7258246842105263,26,0.631578947368421
47-4061.00,Rail-Track Laying and Maintenance Equipment Operators,26,17,9,3.821923076923077,70.86884615384615,3.3735129684329377,71.242668,2.740102615384615,29,0.6538461538461539
47-4071.00,Septic Tank Servicers and Sewer Pipe Cleaners,22,10,12,3.630909090909091,63.61181818181819,3.8081370231267795,51.562215,2.3437370454545454,29,0.45454545454545453
47-4091.00,Segmental Pavers,12,12,0,3.97,85.365,4.121907499787908,40.742618,3.3952181666666665,15,1.0
47-4099.03,Weatherization Installers and Technicians,20,20,0,4.022,94.09,4.174451575007166,75.839392,3.7919696000000003,25,1.0
47-5011.00,"Derrick Operators, Oil and Gas",15,15,0,4.221333333333333,90.29133333333333,4.5468958274843585,57.179888,3.811992533333333,20,1.0
47-5012.00,"Rotary Drill Operators, Oil and Gas",20,16,4,4.1705,79.6965,4.478556498576465,67.169279,3.35846395,25,0.8
47-5013.00,"Service Unit Operators, Oil and Gas",19,12,7,4.003684210526315,71.01947368421052,3.6394906785033805,54.761627,2.882190894736842,20,0.631578947368421
47-5022.00,"Excavating and Loading Machine and Dragline Operators, Surface Mining",16,10,6,4.019375,75.551875,4.788053019117799,49.168238,3.073014875,18,0.625
47-5023.00,"Earth Drillers, Except Oil and Gas",29,14,14,3.988571428571429,66.76142857142857,4.4070119066031905,75.644407,2.7015859642857145,35,0.4827586206896552
47-5032.00,"Explosives Workers, Ordnance Handling Experts, and Blasters",27,18,4,4.2704545454545455,81.08727272727273,4.429691380521278,77.424733,3.5193060454545457,38,0.6666666666666666
47-5041.00,Continuous Mining Machine Operators,15,10,5,4.36,74.68533333333333,5.579487813080345,49.59358,3.3062386666666668,16,0.6666666666666666
47-5043.00,"Roof Bolters, Mining",14,14,0,4.787857142857143,97.00285714285714,6.110301408360229,65.120476,4.651462571428572,15,1.0
47-5044.00,"Loading and Moving Machine Operators, Underground Mining",25,15,10,4.0312,68.3156,5.522938951706909,69.6994,2.787976,32,0.6
47-5051.00,"Rock Splitters, Quarry",9,4,5,3.678888888888889,69.92444444444443,4.6101747476836366,23.096366,2.5662628888888888,10,0.4444444444444444
47-5071.00,"Roustabouts, Oil and Gas",13,8,5,3.366153846153846,69.2476923076923,3.1746198536812753,30.560050999999998,2.350773153846154,18,0.6153846153846154
47-5081.00,Helpers--Extraction Workers,14,9,5,3.850714285714286,69.4042857142857,4.568692937093787,37.586624,2.684758857142857,16,0.6428571428571429
49-1011.00,"First-Line Supervisors of Mechanics, Installers, and Repairers",22,17,5,3.6427272727272726,76.7390909090909,4.117616501238278,61.738796,2.8063089090909092,27,0.7727272727272727
49-2011.00,"Computer, Automated Teller, and Office Machine Repairers",25,24,1,3.9248000000000003,84.258,4.5771884348256044,83.458702,3.3383480800000003,32,0.96
49-2021.00,"Radio, Cellular, and Tower Equipment Installers and Repairers",30,12,6,4.0616666666666665,73.3111111111111,3.0548081748734703,53.637131000000004,2.9798406111111113,41,0.4
49-2022.00,"Telecommunications Equipment Installers and Repairers, Except Line Installers",39,24,15,3.7279487179487174,73.48769230769231,3.9180165788286274,108.819482,2.790243128205128,44,0.6153846153846154
49-2091.00,Avionics Technicians,13,12,1,4.015384615384615,84.2023076923077,4.552994349488174,44.567102,3.428238615384615,16,0.9230769230769231
49-2092.00,"Electric Motor, Power Tool, and Related Repairers",31,13,18,3.843225806451613,64.76290322580645,4.036245004267805,78.721973,2.539418483870968,38,0.41935483870967744
49-2093.00,"Electrical and Electronics Installers and Repairers, Transportation Equipment",15,10,5,3.6473333333333335,73.70466666666667,4.100543040712097,40.56024,2.704016,22,0.6666666666666666
49-2094.00,"Electrical and Electronics Repairers, Commercial and Industrial Equipment",20,19,1,3.9085,85.8235,3.8113011810515225,67.284862,3.3642431000000004,25,0.95
49-2095.00,"Electrical and Electronics Repairers, Powerhouse, Substation, and Relay",15,9,6,4.051333333333333,74.32,3.450035894441359,45.58569,3.039046,24,0.6
49-2096.00,"Electronic Equipment Installers and Repairers, Motor Vehicles",12,12,0,4.1875,88.47583333333334,4.760937321531123,44.599163000000004,3.716596916666667,17,1.0
49-2097.00,Audiovisual Equipment Installers and Repairers,11,10,1,3.956363636363636,84.09181818181818,4.752260404063422,36.642917999999995,3.331174363636363,15,0.9090909090909091
49-2098.00,Security and Fire Alarm Systems Installers,16,14,2,4.16375,89.683125,4.144284009440278,60.055901,3.7534938125,20,0.875
49-3011.00,Aircraft Mechanics and Service Technicians,38,32,6,3.8297368421052633,80.52052631578947,3.3338293728715325,118.511218,3.1187162631578946,51,0.8421052631578947
49-3021.00,Automotive Body and Related Repairers,25,22,3,4.0612,82.7148,4.558866047177981,84.584358,3.3833743199999997,34,0.88
49-3022.00,Automotive Glass Installers and Repairers,18,16,2,4.234444444444445,91.01333333333334,5.197817254407005,70.087681,3.8937600555555556,23,0.8888888888888888
49-3023.00,Automotive Service Technicians and Mechanics,30,25,3,4.033571428571428,85.28571428571429,4.318320105895844,96.776067,3.456288107142857,46,0.8333333333333334
49-3031.00,Bus and Truck Mechanics and Diesel Engine Specialists,26,23,3,3.9396153846153843,87.04923076923077,3.6948313919000833,89.954176,3.459776,38,0.8846153846153846
49-3041.00,Farm Equipment Mechanics and Service Technicians,14,12,2,4.151428571428571,86.21000000000001,4.662596517800092,50.85582,3.6325585714285715,23,0.8571428571428571
49-3042.00,"Mobile Heavy Equipment Mechanics, Except Engines",20,20,0,4.0255,93.2355,4.348245063479401,75.32728,3.7663640000000003,33,1.0
49-3043.00,Rail Car Repairers,20,11,9,3.626,66.7525,3.795804285582534,49.716488000000005,2.4858244000000003,28,0.55
49-3051.00,Motorboat Mechanics and Service Technicians,13,13,0,3.94,96.42307692307692,4.333141810728418,49.471025,3.8054634615384613,17,1.0
49-3052.00,Motorcycle Mechanics,13,12,1,4.368461538461538,94.06692307692308,4.579728282871437,54.043254,4.157173384615384,25,0.9230769230769231
49-3053.00,Outdoor Power Equipment and Other Small Engine Mechanics,14,14,0,4.331428571428572,96.92928571428571,4.501718666503972,58.868165000000005,4.204868928571429,23,1.0
49-3091.00,Bicycle Repairers,14,13,1,4.272142857142858,93.72357142857143,4.598628272886997,57.090641,4.0779029285714286,16,0.9285714285714286
49-3092.00,Recreational Vehicle Service Technicians,17,16,1,4.065294117647059,92.16764705882352,4.47603550489071,64.35405899999999,3.785532882352941,25,0.9411764705882353
49-3093.00,Tire Repairers and Changers,24,20,4,4.170416666666667,83.34958333333334,5.402398961796781,84.39415699999999,3.516423208333333,24,0.8333333333333334
49-9011.00,Mechanical Door Repairers,25,19,6,3.7032,82.5284,3.9891226967020272,77.881765,3.1152706,28,0.76
49-9012.00,"Control and Valve Installers and Repairers, Except Mechanical Door",32,3,29,3.743125,48.1321875,3.491266502577418,58.120724,1.816272625,40,0.09375
49-9021.00,"Heating, Air Conditioning, and Refrigeration Mechanics and Installers",30,27,1,4.008214285714286,87.6842857142857,3.9196101719427445,98.646738,3.5230977857142856,40,0.9
49-9031.00,Home Appliance Repairers,29,24,5,4.069310344827587,84.27413793103447,4.552135772834992,100.297454,3.4585328965517244,39,0.8275862068965517
49-9041.00,Industrial Machinery Mechanics,16,15,1,3.930625,85.16125,4.326834996197163,54.235495,3.3897184375,23,0.9375
49-9043.00,"Maintenance Workers, Machinery",18,17,1,3.876111111111111,91.93555555555555,4.409033777585671,64.41695299999999,3.5787196111111106,23,0.9444444444444444
49-9044.00,Millwrights,23,22,1,4.182608695652174,95.25608695652173,4.201721717990944,92.091531,4.003979608695652,33,0.9565217391304348
49-9045.00,"Refractory Materials Repairers, Except Brickmasons",10,3,7,3.746,58.787,4.102062312759823,22.39041,2.239041,11,0.3
49-9051.00,Electrical Power-Line Installers and Repairers,23,22,1,4.17,93.62869565217392,4.396974180127612,90.600706,3.939161130434783,29,0.9565217391304348
49-9052.00,Telecommunications Line Installers and Repairers,19,12,7,3.847368421052632,72.37210526315789,4.359206667623183,53.468232,2.8141174736842105,25,0.631578947368421
49-9061.00,Camera and Photographic Equipment Repairers,15,10,5,3.8546666666666667,77.18666666666667,4.647844093108108,46.161186,3.0774124,17,0.6666666666666666
49-9062.00,Medical Equipment Repairers,20,16,4,3.9735,83.81,3.841888174780165,67.59608,3.379804,27,0.8
49-9063.00,Musical Instrument Repairers and Tuners,24,12,12,3.954166666666666,69.39999999999999,3.8438647432601663,68.073405,2.836391875,34,0.5
49-9064.00,Watch and Clock Repairers,15,15,0,4.338666666666667,96.48,5.153438077313847,62.889256,4.192617066666667,18,1.0
49-9071.00,"Maintenance and Repair Workers, General",27,21,6,3.6377777777777776,74.16185185185185,3.514303088693179,73.34845,2.7166092592592594,39,0.7777777777777778
49-9081.00,Wind Turbine Service Technicians,12,10,2,4.160833333333334,88.53750000000001,4.070105654710807,45.041012,3.753417666666667,16,0.8333333333333334
49-9091.00,"Coin, Vending, and Amusement Machine Servicers and Repairers",18,9,9,3.955,65.02777777777777,4.2367612049653935,46.591736,2.588429777777778,21,0.5
49-9092.00,Commercial Divers,23,20,3,3.880434782608696,84.49347826086957,3.0501589029315457,76.258589,3.3155908260869564,30,0.8695652173913043
49-9094.00,Locksmiths and Safe Repairers,14,13,1,4.015714285714286,95.24142857142859,4.004013856473924,54.180431,3.8700307857142855,15,0.9285714285714286
49-9095.00,Manufactured Building and Mobile Home Installers,14,12,2,3.777857142857143,76.11214285714286,3.694969813808736,40.603695,2.900263928571429,23,0.8571428571428571
49-9096.00,Riggers,14,13,1,4.147142857142858,85.03642857142857,4.838564216435785,49.541526000000005,3.538680428571429,15,0.9285714285714286
49-9097.00,Signal and Track Switch Repairers,12,12,0,3.953333333333333,86.09916666666668,3.9545577272613275,40.820457,3.40170475,17,1.0
49-9098.00,"Helpers--Installation, Maintenance, and Repair Workers",16,14,2,3.724375,81.98125,4.414798505806326,49.227103,3.0766939375,25,0.875
49-9099.01,Geothermal Technicians,24,7,17,3.79625,56.65416666666667,3.7527700870217138,52.718695,2.1966122916666664,31,0.2916666666666667
51-1011.00,First-Line Supervisors of Production and Operating Workers,20,20,0,3.9549999999999996,88.658,4.497653350919084,70.336598,3.5168299,22,1.0
51-2011.00,"Aircraft Structure, Surfaces, Rigging, and Systems Assemblers",27,10,17,4.128888888888889,56.53370370370371,4.135925697078188,63.713207,2.359748407407407,37,0.37037037037037035
51-2021.00,"Coil Winders, Tapers, and Finishers",11,7,4,4.191818181818181,72.31090909090909,5.022884296150147,33.604915000000005,3.054992272727273,17,0.6363636363636364
51-2022.00,Electrical and Electronic Equipment Assemblers,16,9,7,3.9125,71.128125,4.47839765574675,45.183805,2.8239878125,24,0.5625
51-2023.00,Electromechanical Equipment Assemblers,14,8,6,3.7964285714285713,71.99357142857143,4.566423269606244,39.323754,2.8088395714285714,16,0.5714285714285714
51-2031.00,Engine and Other Machine Assemblers,12,9,3,4.229166666666667,79.05666666666667,4.969091163310829,40.345960000000005,3.3621633333333336,17,0.75
51-2041.00,Structural Metal Fabricators and Fitters,23,15,8,3.87,72.49391304347826,4.540351067245607,66.046928,2.871605565217391,30,0.6521739130434783
51-2051.00,Fiberglass Laminators and Fabricators,16,8,8,4.171875,73.981875,4.926826440864877,49.684982,3.105311375,19,0.5
51-2061.00,Timing Device Assemblers and Adjusters,17,8,9,4.13470588235294,66.25411764705882,5.488185256736853,46.526343,2.736843705882353,18,0.47058823529411764
51-2092.00,Team Assemblers,11,6,5,4.06,70.81272727272727,4.769618296943989,31.937192,2.903381090909091,12,0.5454545454545454
51-3011.00,Bakers,18,16,2,4.307222222222222,81.40666666666667,5.1083227816315055,63.670194,3.537233,21,0.8888888888888888
51-3021.00,Butchers and Meat Cutters,11,7,4,4.297272727272727,76.5409090909091,5.044191276525821,36.703602,3.3366910909090906,16,0.6363636363636364
51-3022.00,"Meat, Poultry, and Fish Cutters and Trimmers",12,5,7,4.2299999999999995,66.21083333333333,5.375575391777421,33.997151,2.8330959166666667,17,0.4166666666666667
51-3023.00,Slaughterers and Meat Packers,14,0,14,4.377142857142857,54.63285714285714,4.725269288357407,33.531781,2.3951272142857145,21,0.0
51-3091.00,"Food and Tobacco Roasting, Baking, and Drying Machine Operators and Tenders",19,10,9,4.206315789473685,67.49421052631578,5.748952056520857,54.219049999999996,2.8536342105263155,23,0.5263157894736842
51-3092.00,Food Batchmakers,25,14,11,4.4796,68.9008,5.86452580280683,77.50431,3.1001724,33,0.56
51-3093.00,Food Cooking Machine Operators and Tenders,17,14,3,4.388823529411765,80.87823529411764,5.643964897824766,60.482425,3.557789705882353,25,0.8235294117647058
51-4021.00,"Extruding and Drawing Machine Setters, Operators, and Tenders, Metal and Plastic",16,8,8,3.92875,65.83125,5.057078880331601,42.192769,2.6370480625,22,0.5
51-4022.00,"Forging Machine Setters, Operators, and Tenders, Metal and Plastic",13,11,2,4.171538461538462,76.61461538461539,5.288826039842799,41.983573,3.2295056153846153,21,0.8461538461538461
51-4023.00,"Rolling Machine Setters, Operators, and Tenders, Metal and Plastic",19,15,4,4.092631578947368,77.33,5.470464227091905,60.510157,3.1847451052631577,28,0.7894736842105263
51-4031.00,"Cutting, Punching, and Press Machine Setters, Operators, and Tenders, Metal and Plastic",31,9,22,3.985161290322581,60.01032258064516,4.975319984613071,75.374526,2.4314363225806455,45,0.2903225806451613
51-4032.00,"Drilling and Boring Machine Tool Setters, Operators, and Tenders, Metal and Plastic",17,16,1,4.202941176470588,86.86352941176472,5.036346403178143,62.982763,3.7048684117647057,21,0.9411764705882353
51-4033.00,"Grinding, Lapping, Polishing, and Buffing Machine Tool Setters, Operators, and Tenders, Metal and Plastic",18,13,5,4.053888888888888,75.11666666666666,5.3117981476732785,55.813121,3.1007289444444446,26,0.7222222222222222
51-4034.00,"Lathe and Turning Machine Tool Setters, Operators, and Tenders, Metal and Plastic",18,18,0,3.9694444444444446,92.28722222222223,5.283936843474805,66.03198,3.6684433333333337,25,1.0
51-4035.00,"Milling and Planing Machine Setters, Operators, and Tenders, Metal and Plastic",15,14,1,4.156666666666667,82.25066666666666,5.44344237110669,51.457359000000004,3.4304906,20,0.9333333333333333
51-4041.00,Machinists,29,20,9,4.200689655172414,75.81758620689655,4.6940238176594455,93.662848,3.2297533793103446,38,0.6896551724137931
51-4051.00,Metal-Refining Furnace Operators and Tenders,15,9,6,4.36,73.27066666666666,5.470735715778024,48.216947,3.214463133333333,22,0.6
51-4052.00,"Pourers and Casters, Metal",16,9,7,4.405625,74.1275,4.962798601335861,52.616228,3.28851425,24,0.5625
51-4061.00,"Model Makers, Metal and Plastic",16,13,3,3.835625,80.2275,4.51859764548278,50.56952,3.160595,23,0.8125
51-4062.00,"Patternmakers, Metal and Plastic",15,8,7,3.6993333333333336,69.58933333333333,4.477069548539095,39.112362,2.6074908,20,0.5333333333333333
51-4071.00,Foundry Mold and Coremakers,13,9,4,4.490769230769231,70.60307692307693,5.478158069670735,41.285337,3.1757951538461535,16,0.6923076923076923
51-4072.00,"Molding, Coremaking, and Casting Machine Setters, Operators, and Tenders, Metal and Plastic",29,10,19,3.79551724137931,58.65551724137931,4.736755744246282,65.568994,2.2609997931034482,47,0.3448275862068966
51-4081.00,"Multiple Machine Tool Setters, Operators, and Tenders, Metal and Plastic",21,18,3,3.9776190476190476,77.82000000000001,4.899535517459212,65.643598,3.1258856190476187,34,0.8571428571428571
51-4111.00,Tool and Die Makers,17,15,2,3.9905882352941178,87.6029411764706,4.454134326820756,59.738629,3.514037,27,0.8823529411764706
51-4121.00,"Welders, Cutters, Solderers, and Brazers",30,21,8,3.886896551724138,73.2948275862069,4.797690645486608,83.392667,2.8756092068965518,42,0.7
51-4122.00,"Welding, Soldering, and Brazing Machine Setters, Operators, and Tenders",29,20,9,3.8113793103448277,70.88793103448276,5.115972055206514,79.18634300000001,2.730563551724138,43,0.6896551724137931
51-4191.00,"Heat Treating Equipment Setters, Operators, and Tenders, Metal and Plastic",23,8,15,4.279565217391304,57.54565217391304,4.9892319888409915,57.65205,2.5066108695652174,27,0.34782608695652173
51-4192.00,"Layout Workers, Metal and Plastic",14,9,5,4.094285714285714,73.33285714285715,4.670405450975054,42.739549,3.0528249285714284,17,0.6428571428571429
51-4193.00,"Plating Machine Setters, Operators, and Tenders, Metal and Plastic",33,10,23,3.9927272727272722,59.75575757575758,5.195621719264429,80.358126,2.4350947272727272,41,0.30303030303030304
51-4194.00,"Tool Grinders, Filers, and Sharpeners",18,12,6,4.171666666666667,73.17833333333334,4.960461598960227,55.748525,3.0971402777777777,29,0.6666666666666666
51-5111.00,Prepress Technicians and Workers,15,7,8,4.243333333333333,61.93333333333333,5.138790834440754,40.140346,2.6760230666666667,20,0.4666666666666667
51-5112.00,Printing Press Operators,23,17,6,4.318695652173913,76.92391304347827,5.5338649588917805,76.977054,3.3468284347826085,30,0.7391304347826086
51-5113.00,Print Binding and Finishing Workers,25,13,12,4.2536000000000005,66.74680000000001,4.405877670571616,71.370361,2.85481444,30,0.52
51-6011.00,Laundry and Dry-Cleaning Workers,23,8,15,3.9517391304347824,53.67652173913043,5.226584916796545,49.673676,2.159725043478261,30,0.34782608695652173
51-6021.00,"Pressers, Textile, Garment, and Related Materials",28,20,8,4.238571428571428,74.46678571428572,5.530524288860564,89.076553,3.1813054642857144,36,0.7142857142857143
51-6031.00,Sewing Machine Operators,26,17,9,4.039615384615384,70.22423076923077,5.337516318676164,74.318105,2.858388653846154,33,0.6538461538461539
51-6041.00,Shoe and Leather Workers and Repairers,26,7,19,4.284230769230769,60.49230769230769,5.302046327215521,67.158466,2.5830179230769232,35,0.2692307692307692
51-6042.00,Shoe Machine Operators and Tenders,19,12,7,4.252631578947368,66.02631578947368,5.659859799564756,53.875686,2.835562421052632,24,0.631578947368421
51-6051.00,"Sewers, Hand",11,5,6,4.491818181818181,65.60636363636364,5.532152806013347,32.948222,2.9952929090909093,15,0.45454545454545453
51-6052.00,"Tailors, Dressmakers, and Custom Sewers",22,22,0,4.086818181818182,85.78909090909092,5.1970231552020545,77.350966,3.515953,27,1.0
51-6061.00,Textile Bleaching and Dyeing Machine Operators and Tenders,23,11,12,4.324347826086957,67.58869565217391,5.277843014780584,67.484234,2.9340971304347825,29,0.4782608695652174
51-6062.00,"Textile Cutting Machine Setters, Operators, and Tenders",18,10,8,4.122222222222223,72.76444444444445,4.842073385895179,53.722378,2.9845765555555555,27,0.5555555555555556
51-6063.00,"Textile Knitting and Weaving Machine Setters, Operators, and Tenders",19,11,8,4.273157894736842,72.04894736842105,5.530726122763629,58.765989000000005,3.0929467894736846,25,0.5789473684210527
51-6064.00,"Textile Winding, Twisting, and Drawing Out Machine Setters, Operators, and Tenders",23,11,12,4.135217391304348,64.08695652173913,5.228489230956066,61.321514,2.6661527826086955,30,0.4782608695652174
51-6091.00,"Extruding and Forming Machine Setters, Operators, and Tenders, Synthetic and Glass Fibers",17,8,9,3.9452941176470584,69.87176470588236,5.065849834302853,47.378629,2.786978176470588,22,0.47058823529411764
51-6092.00,Fabric and Apparel Patternmakers,16,16,0,4.29625,85.69,4.6081741247447185,58.884792000000004,3.6802995000000003,20,1.0
51-6093.00,Upholsterers,22,12,10,4.084545454545455,68.19181818181818,4.777623344330147,61.994611,2.8179368636363638,28,0.5454545454545454
51-7011.00,Cabinetmakers and Bench Carpenters,20,14,6,4.136,75.9675,4.716479952041949,63.803725,3.19018625,24,0.7
51-7021.00,Furniture Finishers,22,13,9,4.012727272727273,66.36136363636363,4.624343110615386,58.940457,2.6791116818181817,25,0.5909090909090909
51-7031.00,"Model Makers, Wood",14,13,1,3.952142857142857,85.17142857142858,4.522415322479582,47.393642,3.3852601428571427,18,0.9285714285714286
51-7032.00,"Patternmakers, Wood",20,19,1,4.101,89.1755,4.523592224769772,73.78538900000001,3.6892694500000003,23,0.95
51-7041.00,"Sawing Machine Setters, Operators, and Tenders, Wood",22,10,12,4.209545454545455,64.91227272727272,5.247141894284485,60.546375,2.7521079545454543,33,0.45454545454545453
51-7042.00,"Woodworking Machine Setters, Operators, and Tenders, Except Sawing",25,20,5,4.0888,75.83359999999999,5.212374587146386,78.473578,3.13894312,34,0.8
51-8011.00,Nuclear Power Reactor Operators,19,13,6,4.416315789473684,81.15157894736842,4.404075705524417,68.857352,3.624071157894737,23,0.6842105263157895
51-8012.00,Power Distributors and Dispatchers,14,12,2,4.454285714285715,82.98571428571428,5.58029954277928,52.026243,3.7161602142857144,16,0.8571428571428571
51-8013.00,Power Plant Operators,30,13,9,4.288181818181818,73.76227272727273,4.920809052959573,70.045032,3.1838650909090913,36,0.43333333333333335
51-8013.03,Biomass Plant Technicians,18,16,2,4.165,84.36277777777778,5.152370219828035,63.932388,3.5517993333333333,24,0.8888888888888888
51-8013.04,Hydroelectric Plant Technicians,21,21,0,4.109523809523809,89.34857142857143,3.7241476096256667,77.42719,3.6870090476190476,27,1.0
51-8021.00,Stationary Engineers and Boiler Operators,25,20,5,4.0484,81.11,4.1925773610449735,82.79685500000001,3.3118742,34,0.8
51-8031.00,Water and Wastewater Treatment Plant and System Operators,8,8,0,4.405,97.91499999999999,4.649622531496851,34.550699,4.318837375,13,1.0
51-8091.00,Chemical Plant and System Operators,19,14,5,4.440526315789474,82.32052631578946,4.877244824574028,70.202119,3.6948483684210522,21,0.7368421052631579
51-8092.00,Gas Plant Operators,19,15,4,4.163157894736842,79.37,4.570883196376621,63.721173,3.353745947368421,24,0.7894736842105263
51-8093.00,"Petroleum Pump System Operators, Refinery Operators, and Gaugers",24,16,8,3.877916666666667,76.74249999999999,4.720777958896877,72.754132,3.0314221666666668,27,0.6666666666666666
51-8099.01,Biofuels Processing Technicians,19,18,1,4.316842105263158,85.5278947368421,5.400034542454483,70.497983,3.710420157894737,28,0.9473684210526315
51-9011.00,Chemical Equipment Operators and Tenders,23,23,0,4.324347826086957,91.0004347826087,5.248786929203739,90.849706,3.949987217391304,29,1.0
51-9012.00,"Separating, Filtering, Clarifying, Precipitating, and Still Machine Setters, Operators, and Tenders",20,14,6,3.9685,74.48949999999999,5.203745455047904,59.911919,2.99559595,28,0.7
51-9021.00,"Crushing, Grinding, and Polishing Machine Setters, Operators, and Tenders",21,13,8,3.8319047619047617,74.96095238095238,5.012620615906682,60.553783,2.883513476190476,24,0.6190476190476191
51-9022.00,"Grinding and Polishing Workers, Hand",17,13,4,3.949411764705882,74.42117647058824,5.2431446377646225,51.409716,3.0241009411764708,22,0.7647058823529411
51-9023.00,"Mixing and Blending Machine Setters, Operators, and Tenders",20,18,2,4.342499999999999,86.6,5.525348491349135,75.385246,3.7692623,25,0.9
51-9031.00,"Cutters and Trimmers, Hand",18,11,7,4.054444444444445,67.02333333333334,5.39233169238015,49.62788,2.7571044444444444,25,0.6111111111111112
51-9032.00,"Cutting and Slicing Machine Setters, Operators, and Tenders",25,16,9,4.0984,70.9344,5.425014539261736,73.457809,2.93831236,37,0.64
51-9041.00,"Extruding, Forming, Pressing, and Compacting Machine Setters, Operators, and Tenders",26,12,14,4.176153846153846,63.95692307692308,5.330375802653527,70.506617,2.7117929615384617,39,0.46153846153846156
51-9051.00,"Furnace, Kiln, Oven, Drier, and Kettle Operators and Tenders",17,7,10,3.998823529411765,61.52117647058823,5.2341664959171945,42.323886,2.4896403529411764,21,0.4117647058823529
51-9061.00,"Inspectors, Testers, Sorters, Samplers, and Weighers",31,16,15,4.124516129032258,65.03483870967742,4.9750594187052375,84.22177,2.7168312903225806,40,0.5161290322580645
51-9071.00,Jewelers and Precious Stone and Metal Workers,30,21,9,3.838,74.01066666666667,4.516345007920145,87.268414,2.9089471333333337,43,0.7
51-9071.06,Gem and Diamond Workers,14,6,8,4.175714285714286,55.50214285714286,4.452852289452737,33.118728,2.3656234285714284,18,0.42857142857142855
51-9081.00,Dental Laboratory Technicians,17,7,10,4.4541176470588235,65.29294117647059,5.233482917271241,49.825086999999996,2.9308874705882353,24,0.4117647058823529
51-9082.00,Medical Appliance Technicians,15,14,1,4.183333333333334,85.45466666666667,4.773628376211884,53.76884,3.584589333333333,18,0.9333333333333333
51-9083.00,Ophthalmic Laboratory Technicians,18,14,4,4.417222222222223,76.83055555555556,5.708940160598846,62.076703,3.4487057222222224,22,0.7777777777777778
51-9111.00,Packaging and Filling Machine Operators and Tenders,20,20,0,4.284000000000001,86.549,5.323816912191219,74.177907,3.70889535,29,1.0
51-9123.00,"Painting, Coating, and Decorating Workers",9,4,5,4.2155555555555555,70.86444444444444,4.944859462640261,27.072057,3.0080063333333333,12,0.4444444444444444
51-9124.00,"Coating, Painting, and Spraying Machine Setters, Operators, and Tenders",29,16,7,4.099130434782609,72.37652173913044,5.222741557789384,68.28476,2.9689026086956525,38,0.5517241379310345
51-9141.00,Semiconductor Processing Technicians,20,8,12,4.1745,58.0955,5.480080658913357,49.019716,2.4509858,32,0.4
51-9151.00,Photographic Process Workers and Processing Machine Operators,27,18,9,3.998518518518519,72.92888888888889,4.862931199647793,80.469598,2.9803554814814817,31,0.6666666666666666
51-9161.00,Computer Numerically Controlled Tool Operators,27,24,3,4.262962962962963,83.08666666666667,5.300933305441221,97.110997,3.5967035925925925,36,0.8888888888888888
51-9162.00,Computer Numerically Controlled Tool Programmers,16,14,2,4.003125,78.1375,4.640942121432609,50.813745,3.1758590625,20,0.875
51-9191.00,Adhesive Bonding Machine Operators and Tenders,16,14,2,4.23,82.640625,5.450123297439483,56.490427000000004,3.5306516875000002,25,0.875
51-9192.00,"Cleaning, Washing, and Metal Pickling Equipment Operators and Tenders",11,8,3,3.960909090909091,71.74545454545455,4.998376413633218,31.261131,2.8419209999999997,16,0.7272727272727273
51-9193.00,Cooling and Freezing Equipment Operators and Tenders,18,6,12,3.8955555555555557,56.053333333333335,5.185408002241136,40.014621,2.2230345,26,0.3333333333333333
51-9194.00,Etchers and Engravers,26,3,23,4.17576923076923,46.301153846153845,5.355910395923066,50.87824,1.9568553846153844,32,0.11538461538461539
51-9195.00,"Molders, Shapers, and Casters, Except Metal and Plastic",24,2,20,3.8240909090909088,48.28409090909091,4.924333242650196,41.000342,1.8636519090909092,31,0.08333333333333333
51-9195.03,"Stone Cutters and Carvers, Manufacturing",16,7,9,3.94125,67.443125,4.711361896120682,43.034306,2.689644125,19,0.4375
51-9195.04,"Glass Blowers, Molders, Benders, and Finishers",16,3,13,4.14375,47.724375,5.377640146052884,32.203026,2.012689125,19,0.1875
51-9195.05,"Potters, Manufacturing",23,18,5,4.186521739130435,75.88521739130434,4.12715479124546,74.321428,3.2313664347826085,27,0.782608695652174
51-9196.00,"Paper Goods Machine Setters, Operators, and Tenders",14,4,10,4.192857142857142,58.62357142857143,5.373536093725117,34.711597,2.4793997857142855,18,0.2857142857142857
51-9197.00,Tire Builders,20,3,17,4.396,50.7365,6.145041100458512,45.10355,2.2551775,22,0.15
51-9198.00,Helpers--Production Workers,30,11,19,3.7243333333333335,56.074666666666666,4.907412913048495,63.412427,2.1137475666666665,38,0.36666666666666664
53-1041.00,Aircraft Cargo Handling Supervisors,6,4,2,4.498333333333333,72.11166666666666,4.369174274235576,19.567279,3.2612131666666664,6,0.6666666666666666
53-1042.00,"First-Line Supervisors of Helpers, Laborers, and Material Movers, Hand",24,18,6,3.9945833333333334,79.10666666666667,4.400918057791251,76.065463,3.1693942916666664,26,0.75
53-1042.01,Recycling Coordinators,23,6,17,3.6599999999999997,59.20086956521739,3.5805287022608954,50.268202,2.185574,24,0.2608695652173913
53-1043.00,First-Line Supervisors of Material-Moving Machine and Vehicle Operators,22,17,2,3.9463157894736844,86.13684210526316,4.611816231266718,64.819187,3.4115361578947367,29,0.7727272727272727
53-1044.00,First-Line Supervisors of Passenger Attendants,19,0,0,,,,0.0,,22,0.0
53-2011.00,"Airline Pilots, Copilots, and Flight Engineers",24,18,6,4.28375,78.83291666666666,4.839552663256152,83.142828,3.4642844999999998,28,0.75
53-2012.00,Commercial Pilots,24,19,5,4.40875,83.19208333333333,4.3349908969963264,89.259173,3.7191322083333334,26,0.7916666666666666
53-2021.00,Air Traffic Controllers,23,21,2,4.473478260869565,83.81739130434782,5.542429442259331,86.973641,3.781462652173913,26,0.9130434782608695
53-2022.00,Airfield Operations Specialists,27,14,13,4.045925925925926,67.87296296296296,4.662132797044395,76.716869,2.8413655185185185,31,0.5185185185185185
53-2031.00,Flight Attendants,25,23,2,4.0308,93.4604,5.436716565373343,94.83603600000001,3.7934414400000005,29,0.92
53-3011.00,"Ambulance Drivers and Attendants, Except Emergency Medical Technicians",11,11,0,4.087272727272727,88.04909090909092,3.697664402044826,39.792536,3.6175032727272725,11,1.0
53-3031.00,Driver/Sales Workers,11,6,5,3.880909090909091,63.86181818181819,5.012459063001227,27.985042,2.5440947272727272,15,0.5454545454545454
53-3032.00,Heavy and Tractor-Trailer Truck Drivers,29,21,8,4.340344827586207,78.19413793103449,4.6606520609082445,99.431547,3.4286740344827584,34,0.7241379310344828
53-3033.00,Light Truck Drivers,13,9,4,4.41,78.43153846153847,4.800331447071314,45.607195,3.508245769230769,15,0.6923076923076923
53-3051.00,"Bus Drivers, School",17,15,2,4.470588235294118,93.9964705882353,4.623811349552022,71.526354,4.207432588235294,20,0.8823529411764706
53-3052.00,"Bus Drivers, Transit and Intercity",14,12,2,4.2542857142857144,84.59285714285714,5.37227583105283,50.746320000000004,3.624737142857143,19,0.8571428571428571
53-3053.00,Shuttle Drivers and Chauffeurs,26,23,3,4.383846153846154,88.94500000000001,4.9884945482187915,102.529542,3.943443923076923,28,0.8846153846153846
53-3054.00,Taxi Drivers,16,0,0,,,,0.0,,17,0.0
53-4011.00,Locomotive Engineers,14,13,1,4.5878571428571435,90.22428571428573,5.538944981105664,58.406552,4.171896571428571,15,0.9285714285714286
53-4013.00,"Rail Yard Engineers, Dinkey Operators, and Hostlers",23,19,4,4.204782608695653,76.55434782608695,4.909562776107884,75.081231,3.264401347826087,26,0.8260869565217391
53-4022.00,"Railroad Brake, Signal, and Switch Operators and Locomotive Firers",26,20,5,4.226,80.89920000000001,5.056271245956592,86.655993,3.46623972,29,0.7692307692307693
53-4031.00,Railroad Conductors and Yardmasters,20,14,6,4.0745,73.827,4.813086347198672,60.618184,3.0309092,21,0.7
53-4041.00,Subway and Streetcar Operators,10,10,0,4.564,96.20599999999999,5.041140519051906,43.956398,4.3956398,14,1.0
53-5011.00,Sailors and Marine Oilers,28,19,9,3.7621428571428575,73.96857142857142,3.870630811097052,78.59532300000001,2.806975821428572,34,0.6785714285714286
53-5021.00,"Captains, Mates, and Pilots of Water Vessels",30,25,4,4.3389655172413795,84.44413793103449,4.800846579586362,107.573987,3.709447827586207,33,0.8333333333333334
53-5022.00,Motorboat Operators,16,13,3,4.254375,75.67375,4.506227493770712,52.592164999999994,3.2870103124999996,19,0.8125
53-5031.00,Ship Engineers,17,16,1,4.333529411764706,88.21411764705883,4.200350427320975,65.567972,3.8569395294117648,20,0.9411764705882353
53-6011.00,Bridge and Lock Tenders,18,10,8,4.566111111111111,74.32722222222223,5.5665585053759745,60.791899,3.377327722222222,22,0.5555555555555556
53-6021.00,Parking Attendants,15,10,5,3.95,66.38133333333333,5.119492056925454,39.777271999999996,2.6518181333333333,18,0.6666666666666666
53-6031.00,Automotive and Watercraft Service Attendants,14,8,6,3.9314285714285715,65.79714285714286,5.1583230435666625,36.60886,2.6149185714285714,18,0.5714285714285714
53-6032.00,Aircraft Service Attendants,18,0,0,,,,0.0,,22,0.0
53-6041.00,Traffic Technicians,23,3,20,3.7939130434782613,53.59608695652174,3.3730798460529723,47.05664,2.0459408695652175,26,0.13043478260869565
53-6051.00,Transportation Inspectors,17,12,2,4.094285714285714,75.64428571428572,3.357167068322314,43.519315,3.1085225,17,0.7058823529411765
53-6051.01,Aviation Inspectors,13,10,3,4.2846153846153845,78.90153846153846,3.4960487169478234,44.227676,3.402128923076923,15,0.7692307692307693
53-6051.07,"Transportation Vehicle, Equipment and Systems Inspectors, Except Aviation",14,3,11,3.8392857142857144,54.53357142857143,4.749097547109975,29.956441,2.1397457857142856,14,0.21428571428571427
53-6061.00,Passenger Attendants,12,4,8,4.185,59.73083333333333,5.056008866254422,30.123874999999998,2.5103229166666665,13,0.3333333333333333
53-7011.00,Conveyor Operators and Tenders,20,6,14,4.308,56.552499999999995,5.067834181556892,49.015134,2.4507567000000003,31,0.3
53-7021.00,Crane and Tower Operators,11,8,3,4.134545454545454,76.08545454545455,4.786741467376506,35.443484,3.222134909090909,17,0.7272727272727273
53-7031.00,Dredge Operators,6,6,0,4.276666666666666,91.56833333333333,5.796363799713305,23.57369,3.928948333333333,8,1.0
53-7041.00,Hoist and Winch Operators,13,8,5,4.202307692307692,69.09461538461538,5.071384434341454,37.905999,2.915846076923077,15,0.6153846153846154
53-7051.00,Industrial Truck and Tractor Operators,9,5,4,4.276666666666667,69.55666666666667,5.510124970880249,27.311761999999998,3.034640222222222,13,0.5555555555555556
53-7061.00,Cleaners of Vehicles and Equipment,20,15,5,3.6670000000000003,74.3255,4.687979954018749,54.987094,2.7493547,25,0.75
53-7062.00,"Laborers and Freight, Stock, and Material Movers, Hand",13,3,10,3.82,53.29923076923077,4.601407759048499,27.154609,2.088816076923077,14,0.23076923076923078
53-7062.04,Recycling and Reclamation Workers,14,5,9,3.992857142857143,54.92785714285714,4.913336914327634,30.747949,2.196282071428571,17,0.35714285714285715
53-7063.00,Machine Feeders and Offbearers,13,9,4,4.075384615384616,72.78307692307693,5.703547463429937,38.906393,2.9927994615384614,16,0.6923076923076923
53-7064.00,"Packers and Packagers, Hand",12,8,4,4.128333333333333,72.48166666666667,5.300025142738002,36.120773,3.010064416666667,16,0.6666666666666666
53-7065.00,Stockers and Order Fillers,30,25,5,3.9113333333333333,81.50099999999999,4.615177954408144,95.968005,3.1989335000000003,34,0.8333333333333334
53-7071.00,Gas Compressor and Gas Pumping Station Operators,13,13,0,3.9853846153846155,91.80461538461539,4.482385714205626,47.793488,3.676422153846154,16,1.0
53-7072.00,"Pump Operators, Except Wellhead Pumpers",14,10,4,4.162142857142857,76.58714285714287,4.477320895053351,44.867773,3.2048409285714285,19,0.7142857142857143
53-7073.00,Wellhead Pumpers,14,7,7,4.058571428571429,70.29571428571428,4.340003677910537,40.46919,2.8906564285714285,17,0.5
53-7081.00,Refuse and Recyclable Material Collectors,14,11,3,3.975,82.45785714285715,4.9354542315828285,46.475644,3.3196888571428573,15,0.7857142857142857
53-7121.00,"Tank Car, Truck, and Ship Loaders",19,9,10,4.287894736842105,67.15578947368421,5.18213509223016,55.102064,2.9001086315789473,24,0.47368421052631576
